image,text
AK-47 A Imperatriz.png,AK-47 A Imperatriz rifle de assalto
AK-47 Aquamarine Revenge.png,AK-47 Aquamarine Revenge rifle de assalto
AK-47 Asiimov.png,AK-47 Asiimov rifle de assalto branca laranja futurista
AK-47 Baroque Purple.png,AK-47 Baroque Purple rifle de assalto
AK-47 Black Laminate.png,AK-47 Black Laminate rifle de assalto
AK-47 Bloodsport.png,AK-47 Bloodsport rifle de assalto vermelha esportiva futurista
AK-47 Blue Laminate.png,AK-47 Blue Laminate rifle de assalto
AK-47 Cartel.png,AK-47 Cartel rifle de assalto
AK-47 Case Hardened.png,AK-47 Case Hardened rifle de assalto metálica azul dourada
AK-47 Elite Build.png,AK-47 Elite Build rifle de assalto
AK-47 Emerald Pinstripe.png,AK-47 Emerald Pinstripe rifle de assalto
AK-47 Fire Serpent.png,AK-47 Fire Serpent rifle de assalto serpente verde lendária
AK-47 First Class.png,AK-47 First Class rifle de assalto
AK-47 Frontside Misty.png,AK-47 Frontside Misty rifle de assalto
AK-47 Fuel Injector.png,AK-47 Fuel Injector rifle de assalto
AK-47 Gold Arabesque.png,AK-47 Gold Arabesque rifle de assalto
AK-47 Green Laminate.png,AK-47 Green Laminate rifle de assalto
AK-47 Head Shot.png,AK-47 Head Shot rifle de assalto
AK-47 Hydroponic.png,AK-47 Hydroponic rifle de assalto
AK-47 Ice Coaled.png,AK-47 Ice Coaled rifle de assalto
AK-47 Inheritance.png,AK-47 Inheritance rifle de assalto
AK-47 Jaguar.png,AK-47 Jaguar rifle de assalto
AK-47 Jet Set.png,AK-47 Jet Set rifle de assalto
AK-47 Jungle Spray.png,AK-47 Jungle Spray rifle de assalto
AK-47 Leet Museo.png,AK-47 Leet Museo rifle de assalto
AK-47 Legion of Anubis.png,AK-47 Legion of Anubis rifle de assalto
AK-47 Neon Revolution.png,AK-47 Neon Revolution rifle de assalto
AK-47 Neon Rider.png,AK-47 Neon Rider rifle de assalto neon colorida futurista
AK-47 Nightwish.png,AK-47 Nightwish rifle de assalto
AK-47 Orbit Mk01.png,AK-47 Orbit Mk01 rifle de assalto
AK-47 Panthera onca.png,AK-47 Panthera onca rifle de assalto
AK-47 Phantom Disruptor.png,AK-47 Phantom Disruptor rifle de assalto
AK-47 Point Disarray.png,AK-47 Point Disarray rifle de assalto
AK-47 Predator.png,AK-47 Predator rifle de assalto
AK-47 Rat Rod.png,AK-47 Rat Rod rifle de assalto
AK-47 Red Laminate.png,AK-47 Red Laminate rifle de assalto
AK-47 Safari Mesh.png,AK-47 Safari Mesh rifle de assalto
AK-47 Safety Net.png,AK-47 Safety Net rifle de assalto
AK-47 Slate.png,AK-47 Slate rifle de assalto
AK-47 Steel Delta.png,AK-47 Steel Delta rifle de assalto
AK-47 Uncharted.png,AK-47 Uncharted rifle de assalto
AK-47 Vulcan.png,AK-47 Vulcan rifle de assalto azul moderna
AK-47 Wasteland Rebel.png,AK-47 Wasteland Rebel rifle de assalto
AK-47 Wild Lotus.png,AK-47 Wild Lotus rifle de assalto
AK-47 X-Ray.png,AK-47 X-Ray rifle de assalto
AUG Akihabara Accept.png,AUG Akihabara Accept rifle de assalto
AUG Amber Fade.png,AUG Amber Fade rifle de assalto degradê colorido brilhante
AUG Amber Slipstream.png,AUG Amber Slipstream rifle de assalto
AUG Anodized Navy.png,AUG Anodized Navy rifle de assalto
AUG Arctic Wolf.png,AUG Arctic Wolf rifle de assalto
AUG Aristocrat.png,AUG Aristocrat rifle de assalto
AUG Bengal Tiger.png,AUG Bengal Tiger rifle de assalto
AUG Chameleon.png,AUG Chameleon rifle de assalto
AUG Colony.png,AUG Colony rifle de assalto
AUG Condemned.png,AUG Condemned rifle de assalto
AUG Contractor.png,AUG Contractor rifle de assalto
AUG Death by Puppy.png,AUG Death by Puppy rifle de assalto
AUG Flame Jörmungandr.png,AUG Flame Jörmungandr rifle de assalto
AUG Fleet Flock.png,AUG Fleet Flock rifle de assalto
AUG Hot Rod.png,AUG Hot Rod rifle de assalto
AUG Jade Esculpida.png,AUG Jade Esculpida rifle de assalto
AUG Midnight Lily.png,AUG Midnight Lily rifle de assalto
AUG Momentum.png,AUG Momentum rifle de assalto
AUG Navy Murano.png,AUG Navy Murano rifle de assalto
AUG Plague.png,AUG Plague rifle de assalto
AUG Praga.png,AUG Praga rifle de assalto
AUG Radiation Hazard.png,AUG Radiation Hazard rifle de assalto
AUG Random Access.png,AUG Random Access rifle de assalto
AUG Ricochet.png,AUG Ricochet rifle de assalto
AUG Sand Storm.png,AUG Sand Storm rifle de assalto
AUG Snake Pit.png,AUG Snake Pit rifle de assalto
AUG Spalted Wood.png,AUG Spalted Wood rifle de assalto
AUG Storm.png,AUG Storm rifle de assalto
AUG Stymphalian.png,AUG Stymphalian rifle de assalto
AUG Sweeper.png,AUG Sweeper rifle de assalto
AUG Syd Mead.png,AUG Syd Mead rifle de assalto
AUG Tom Cat.png,AUG Tom Cat rifle de assalto
AUG Torque.png,AUG Torque rifle de assalto
AUG Triqua.png,AUG Triqua rifle de assalto
AUG Vigilância.png,AUG Vigilância rifle de assalto
AUG Wings.png,AUG Wings rifle de assalto
AWP Acheron.png,AWP Acheron sniper rifle de precisão
AWP Atheris.png,AWP Atheris sniper rifle de precisão cobra verde
AWP BOOM.png,AWP BOOM sniper rifle de precisão
AWP Black Nile.png,AWP Black Nile sniper rifle de precisão
AWP Capillary.png,AWP Capillary sniper rifle de precisão
AWP Chromatic Aberration.png,AWP Chromatic Aberration sniper rifle de precisão
AWP Chrome Cannon.png,AWP Chrome Cannon sniper rifle de precisão cromada metálica
AWP Containment Breach.png,AWP Containment Breach sniper rifle de precisão
AWP Corticera.png,AWP Corticera sniper rifle de precisão
AWP Desert Hydra.png,AWP Desert Hydra sniper rifle de precisão
AWP Dragon Lore.png,AWP Dragon Lore sniper rifle de precisão dragão dourada lendária
AWP Duality.png,AWP Duality sniper rifle de precisão
AWP Electric Hive.png,AWP Electric Hive sniper rifle de precisão
AWP Elite Build.png,AWP Elite Build sniper rifle de precisão
AWP Exoskeleton.png,AWP Exoskeleton sniper rifle de precisão
AWP Fade.png,AWP Fade sniper rifle de precisão degradê colorido brilhante
AWP Graphite.png,AWP Graphite sniper rifle de precisão
AWP Gungnir.png,AWP Gungnir sniper rifle de precisão
AWP Hyper Beast.png,AWP Hyper Beast sniper rifle de precisão monstro colorida psicodélica
AWP Lightning Strike.png,AWP Lightning Strike sniper rifle de precisão
AWP Medusa.png,AWP Medusa sniper rifle de precisão
AWP Mortis.png,AWP Mortis sniper rifle de precisão
AWP Neo-Noir.png,AWP Neo-Noir sniper rifle de precisão rosa roxa anime neon
AWP Oni Taiji.png,AWP Oni Taiji sniper rifle de precisão
AWP PAW.png,AWP PAW sniper rifle de precisão
AWP POP AWP.png,AWP POP AWP sniper rifle de precisão
AWP Phobos.png,AWP Phobos sniper rifle de precisão
AWP Pink DDPAT.png,AWP Pink DDPAT sniper rifle de precisão
AWP Safari Mesh.png,AWP Safari Mesh sniper rifle de precisão
AWP Silk Tiger.png,AWP Silk Tiger sniper rifle de precisão
AWP Snake Camo.png,AWP Snake Camo sniper rifle de precisão
AWP Sonho Febril.png,AWP Sonho Febril sniper rifle de precisão
AWP Sun in Leo.png,AWP Sun in Leo sniper rifle de precisão
AWP The Prince.png,AWP The Prince sniper rifle de precisão
AWP Wildfire.png,AWP Wildfire sniper rifle de precisão
AWP Worm God.png,AWP Worm God sniper rifle de precisão
Bayonet Autotronic.png,Bayonet Autotronic baioneta
Bayonet Black Laminate.png,Bayonet Black Laminate baioneta
Bayonet Blue Steel.png,Bayonet Blue Steel baioneta
Bayonet Boreal Forest.png,Bayonet Boreal Forest baioneta
Bayonet Bright Water.png,Bayonet Bright Water baioneta
Bayonet Case Hardened.png,Bayonet Case Hardened baioneta metálica azul dourada
Bayonet Crimson Web.png,Bayonet Crimson Web baioneta vermelha teia de aranha
Bayonet Damascus Steel.png,Bayonet Damascus Steel baioneta
Bayonet Fade.png,Bayonet Fade baioneta degradê colorido brilhante
Bayonet Forest DDPAT.png,Bayonet Forest DDPAT baioneta
Bayonet Freehand.png,Bayonet Freehand baioneta
Bayonet Lore.png,Bayonet Lore baioneta
Bayonet Marble Fade.png,Bayonet Marble Fade baioneta degradê colorido brilhante degradê mármore colorido
Bayonet Night.png,Bayonet Night baioneta
Bayonet Safari Mesh.png,Bayonet Safari Mesh baioneta
Bayonet Scorched.png,Bayonet Scorched baioneta
Bayonet Slaughter.png,Bayonet Slaughter baioneta
Bayonet Stained.png,Bayonet Stained baioneta
Bayonet Tiger Tooth.png,Bayonet Tiger Tooth baioneta dourada listras de tigre
Bayonet Ultraviolet.png,Bayonet Ultraviolet baioneta
Bayonet Urban Masked.png,Bayonet Urban Masked baioneta
Bayonet Vanilla.png,Bayonet Vanilla baioneta
Bowie Knife Black Laminate.png,Bowie Knife Black Laminate faca bowie
Bowie Knife Blue Steel.png,Bowie Knife Blue Steel faca bowie
Bowie Knife Bright Water.png,Bowie Knife Bright Water faca bowie
Bowie Knife Crimson Web.png,Bowie Knife Crimson Web faca bowie vermelha teia de aranha
Bowie Knife Fade.png,Bowie Knife Fade faca bowie degradê colorido brilhante
Bowie Knife Forest DDPAT.png,Bowie Knife Forest DDPAT faca bowie
Bowie Knife Freehand.png,Bowie Knife Freehand faca bowie
Bowie Knife Lore.png,Bowie Knife Lore faca bowie
Bowie Knife Night.png,Bowie Knife Night faca bowie
Bowie Knife Safari Mesh.png,Bowie Knife Safari Mesh faca bowie
Bowie Knife Scorched.png,Bowie Knife Scorched faca bowie
Bowie Knife Stained.png,Bowie Knife Stained faca bowie
Bowie Knife Tiger Tooth.png,Bowie Knife Tiger Tooth faca bowie dourada listras de tigre
Bowie Knife Ultraviolet.png,Bowie Knife Ultraviolet faca bowie
Bowie Knife Urban Masked.png,Bowie Knife Urban Masked faca bowie
Bowie Vanilla.png,Bowie Vanilla
Butterfly Knife Autotronic.png,Butterfly Knife Autotronic faca borboleta
Butterfly Knife Black Laminate.png,Butterfly Knife Black Laminate faca borboleta
Butterfly Knife Blue Steel.png,Butterfly Knife Blue Steel faca borboleta
Butterfly Knife Boreal Forest.png,Butterfly Knife Boreal Forest faca borboleta
Butterfly Knife Case Hardened.png,Butterfly Knife Case Hardened faca borboleta metálica azul dourada
Butterfly Knife Crimson Web.png,Butterfly Knife Crimson Web faca borboleta vermelha teia de aranha
Butterfly Knife Fade.png,Butterfly Knife Fade faca borboleta degradê colorido brilhante
Butterfly Knife Forest DDPAT.png,Butterfly Knife Forest DDPAT faca borboleta
Butterfly Knife Freehand.png,Butterfly Knife Freehand faca borboleta
Butterfly Knife Lore.png,Butterfly Knife Lore faca borboleta
Butterfly Knife Marble fade.png,Butterfly Knife Marble fade faca borboleta degradê colorido brilhante degradê mármore colorido
Butterfly Knife Night.png,Butterfly Knife Night faca borboleta
Butterfly Knife Safari Mesh.png,Butterfly Knife Safari Mesh faca borboleta
Butterfly Knife Scorched.png,Butterfly Knife Scorched faca borboleta
Butterfly Knife Slaughter.png,Butterfly Knife Slaughter faca borboleta
Butterfly Knife Stained.png,Butterfly Knife Stained faca borboleta
Butterfly Knife Tiger.png,Butterfly Knife Tiger faca borboleta
Butterfly Knife Ultraviolet.png,Butterfly Knife Ultraviolet faca borboleta
Butterfly Knife Urban Masked.png,Butterfly Knife Urban Masked faca borboleta
Butterfly Knife Vanilla.png,Butterfly Knife Vanilla faca borboleta
CZ75-Auto Army Sheen.png,CZ75-Auto Army Sheen pistola automática
CZ75-Auto Açor Vermelho.png,CZ75-Auto Açor Vermelho pistola automática
CZ75-Auto Chalice.png,CZ75-Auto Chalice pistola automática
CZ75-Auto Circaetus.png,CZ75-Auto Circaetus pistola automática
CZ75-Auto Crimson Web.png,CZ75-Auto Crimson Web pistola automática vermelha teia de aranha
CZ75-Auto Distressed.png,CZ75-Auto Distressed pistola automática
CZ75-Auto Ecológica.png,CZ75-Auto Ecológica pistola automática
CZ75-Auto Emerald Quartz.png,CZ75-Auto Emerald Quartz pistola automática
CZ75-Auto Emerald.png,CZ75-Auto Emerald pistola automática
CZ75-Auto Framework.png,CZ75-Auto Framework pistola automática
CZ75-Auto Green Plaid.png,CZ75-Auto Green Plaid pistola automática
CZ75-Auto Hexane.png,CZ75-Auto Hexane pistola automática
CZ75-Auto Imprint.png,CZ75-Auto Imprint pistola automática
CZ75-Auto Indigo.png,CZ75-Auto Indigo pistola automática
CZ75-Auto Midnight Palm.png,CZ75-Auto Midnight Palm pistola automática
CZ75-Auto Nitro.png,CZ75-Auto Nitro pistola automática
CZ75-Auto Poison Dart.png,CZ75-Auto Poison Dart pistola automática
CZ75-Auto Pole Position.png,CZ75-Auto Pole Position pistola automática
CZ75-Auto Polímero.png,CZ75-Auto Polímero pistola automática
CZ75-Auto Selva Pontilhada.png,CZ75-Auto Selva Pontilhada pistola automática
CZ75-Auto Silver.png,CZ75-Auto Silver pistola automática
CZ75-Auto Syndicate.png,CZ75-Auto Syndicate pistola automática
CZ75-Auto Tacticat.png,CZ75-Auto Tacticat pistola automática
CZ75-Auto The Fuschia Is Now.png,CZ75-Auto The Fuschia Is Now pistola automática
CZ75-Auto Tigris.png,CZ75-Auto Tigris pistola automática
CZ75-Auto Tread Plate.png,CZ75-Auto Tread Plate pistola automática
CZ75-Auto Tuxedo.png,CZ75-Auto Tuxedo pistola automática
CZ75-Auto Twist.png,CZ75-Auto Twist pistola automática
CZ75-Auto Vendetta.png,CZ75-Auto Vendetta pistola automática
CZ75-Auto Victoria.png,CZ75-Auto Victoria pistola automática
CZ75-Auto Xiangliu.png,CZ75-Auto Xiangliu pistola automática
CZ75-Auto Yellow Jacket.png,CZ75-Auto Yellow Jacket pistola automática
Canivete Borboleta Preto Laminado.png,Canivete Borboleta Preto Laminado
Classic Knife Blue Steel.png,Classic Knife Blue Steel
Classic Knife Boreal Forest.png,Classic Knife Boreal Forest
Classic Knife Case Hardened.png,Classic Knife Case Hardened metálica azul dourada
Classic Knife Crimson Web.png,Classic Knife Crimson Web vermelha teia de aranha
Classic Knife Fade.png,Classic Knife Fade degradê colorido brilhante
Classic Knife Forest DDPAT.png,Classic Knife Forest DDPAT
Classic Knife Night Stripe.png,Classic Knife Night Stripe
Classic Knife Safari Mesh.png,Classic Knife Safari Mesh
Classic Knife Scorched.png,Classic Knife Scorched
Classic Knife Slaughter.png,Classic Knife Slaughter
Classic Knife Stained.png,Classic Knife Stained
Classic Knife Urban Masked.png,Classic Knife Urban Masked
Classic Knife Vanilla.png,Classic Knife Vanilla
Desert Eagle  Sunset Storm 弐.png,Desert Eagle  Sunset Storm 弐 pistola pesada
Desert Eagle Blaze.png,Desert Eagle Blaze pistola pesada
Desert Eagle Blue Ply.png,Desert Eagle Blue Ply pistola pesada
Desert Eagle Bronze Deco.png,Desert Eagle Bronze Deco pistola pesada
Desert Eagle Cobalt Disruption.png,Desert Eagle Cobalt Disruption pistola pesada
Desert Eagle Code Red.png,Desert Eagle Code Red pistola pesada
Desert Eagle Conspiracy.png,Desert Eagle Conspiracy pistola pesada
Desert Eagle Corinthian.png,Desert Eagle Corinthian pistola pesada
Desert Eagle Crimson Web.png,Desert Eagle Crimson Web pistola pesada vermelha teia de aranha
Desert Eagle Directive.png,Desert Eagle Directive pistola pesada
Desert Eagle Emerald Jörmungandr.png,Desert Eagle Emerald Jörmungandr pistola pesada
Desert Eagle Fennec Fox.png,Desert Eagle Fennec Fox pistola pesada
Desert Eagle Golden Koi.png,Desert Eagle Golden Koi pistola pesada
Desert Eagle Hand Cannon.png,Desert Eagle Hand Cannon pistola pesada
Desert Eagle Heirloom.png,Desert Eagle Heirloom pistola pesada
Desert Eagle Hypnotic.png,Desert Eagle Hypnotic pistola pesada
Desert Eagle Kumicho Dragon.png,Desert Eagle Kumicho Dragon pistola pesada
Desert Eagle Light Rail.png,Desert Eagle Light Rail pistola pesada
Desert Eagle Mecha Industries.png,Desert Eagle Mecha Industries pistola pesada
Desert Eagle Meteorite.png,Desert Eagle Meteorite pistola pesada
Desert Eagle Midnight Storm.png,Desert Eagle Midnight Storm pistola pesada
Desert Eagle Mudder.png,Desert Eagle Mudder pistola pesada
Desert Eagle Naga.png,Desert Eagle Naga pistola pesada
Desert Eagle Night Heist.png,Desert Eagle Night Heist pistola pesada
Desert Eagle Night.png,Desert Eagle Night pistola pesada
Desert Eagle Ocean Drive.png,Desert Eagle Ocean Drive pistola pesada
Desert Eagle Oxide Blaze.png,Desert Eagle Oxide Blaze pistola pesada
Desert Eagle Pilot.png,Desert Eagle Pilot pistola pesada
Desert Eagle Printstream.png,Desert Eagle Printstream pistola pesada branca moderna futurista
Desert Eagle Sputnik.png,Desert Eagle Sputnik pistola pesada
Desert Eagle Sunset Storm 弐.png,Desert Eagle Sunset Storm 弐 pistola pesada
Desert Eagle The Bronze.png,Desert Eagle The Bronze pistola pesada
Desert Eagle Trigger Discipline.png,Desert Eagle Trigger Discipline pistola pesada
Desert Eagle Urban DDPAT.png,Desert Eagle Urban DDPAT pistola pesada
Desert Eagle Urban Rubble.png,Desert Eagle Urban Rubble pistola pesada
Dual Berettas Anodized Navy.png,Dual Berettas Anodized Navy
Dual Berettas Balance.png,Dual Berettas Balance
Dual Berettas Black Limba.png,Dual Berettas Black Limba
Dual Berettas Briar.png,Dual Berettas Briar
Dual Berettas Cartel.png,Dual Berettas Cartel
Dual Berettas Cobalt Quartz.png,Dual Berettas Cobalt Quartz
Dual Berettas Cobra Strike.png,Dual Berettas Cobra Strike
Dual Berettas Colony.png,Dual Berettas Colony
Dual Berettas Consortes Reais.png,Dual Berettas Consortes Reais
Dual Berettas Contractor.png,Dual Berettas Contractor
Dual Berettas Dezastre.png,Dual Berettas Dezastre
Dual Berettas Drift Wood.png,Dual Berettas Drift Wood
Dual Berettas Dualing Dragons.png,Dual Berettas Dualing Dragons
Dual Berettas Duelist.png,Dual Berettas Duelist
Dual Berettas Elite 1.6.png,Dual Berettas Elite 1.6
Dual Berettas Emerald.png,Dual Berettas Emerald
Dual Berettas Flora Carnivora.png,Dual Berettas Flora Carnivora
Dual Berettas Heist.png,Dual Berettas Heist
Dual Berettas Hemoglobin.png,Dual Berettas Hemoglobin
Dual Berettas Hideout.png,Dual Berettas Hideout
Dual Berettas Marina.png,Dual Berettas Marina
Dual Berettas Melondrama.png,Dual Berettas Melondrama
Dual Berettas Moon in Libra.png,Dual Berettas Moon in Libra
Dual Berettas Oil Change.png,Dual Berettas Oil Change
Dual Berettas Panther.png,Dual Berettas Panther
Dual Berettas Pyre.png,Dual Berettas Pyre
Dual Berettas Retribution.png,Dual Berettas Retribution
Dual Berettas Shred.png,Dual Berettas Shred
Dual Berettas Stained.png,Dual Berettas Stained
Dual Berettas Switch Board.png,Dual Berettas Switch Board
Dual Berettas Tread.png,Dual Berettas Tread
Dual Berettas Twin Turbo.png,Dual Berettas Twin Turbo
Dual Berettas Urban Shock.png,Dual Berettas Urban Shock
Dual Berettas Ventilators.png,Dual Berettas Ventilators
FAMAS Afterimage.png,FAMAS Afterimage rifle de assalto
FAMAS CaliCamo.png,FAMAS CaliCamo rifle de assalto
FAMAS Colony.png,FAMAS Colony rifle de assalto
FAMAS Commemoration.png,FAMAS Commemoration rifle de assalto
FAMAS Contrast Spray.png,FAMAS Contrast Spray rifle de assalto
FAMAS Crypsis.png,FAMAS Crypsis rifle de assalto
FAMAS Cyanospatter.png,FAMAS Cyanospatter rifle de assalto
FAMAS Dark Water.png,FAMAS Dark Water rifle de assalto
FAMAS Decommissioned.png,FAMAS Decommissioned rifle de assalto
FAMAS Djinn.png,FAMAS Djinn rifle de assalto
FAMAS Faulty Wiring.png,FAMAS Faulty Wiring rifle de assalto
FAMAS Hexane.png,FAMAS Hexane rifle de assalto
FAMAS Macabre.png,FAMAS Macabre rifle de assalto
FAMAS Mecha Industries.png,FAMAS Mecha Industries rifle de assalto
FAMAS Meltdown.png,FAMAS Meltdown rifle de assalto
FAMAS Meow 36.png,FAMAS Meow 36 rifle de assalto
FAMAS Movimento Rápido dos Olhos.png,FAMAS Movimento Rápido dos Olhos rifle de assalto
FAMAS Neural Net.png,FAMAS Neural Net rifle de assalto
FAMAS Night Borre.png,FAMAS Night Borre rifle de assalto
FAMAS Olho de Atena.png,FAMAS Olho de Atena rifle de assalto
FAMAS Prime Conspiracy.png,FAMAS Prime Conspiracy rifle de assalto
FAMAS Pulse.png,FAMAS Pulse rifle de assalto
FAMAS Roll Cage.png,FAMAS Roll Cage rifle de assalto
FAMAS Spitfire.png,FAMAS Spitfire rifle de assalto
FAMAS Styx.png,FAMAS Styx rifle de assalto
FAMAS Sundown.png,FAMAS Sundown rifle de assalto
FAMAS Survivor Z.png,FAMAS Survivor Z rifle de assalto
FAMAS Teardown.png,FAMAS Teardown rifle de assalto
FAMAS Valence.png,FAMAS Valence rifle de assalto
FAMAS Waters of Nephthys.png,FAMAS Waters of Nephthys rifle de assalto
FAMAS ZX Spectron.png,FAMAS ZX Spectron rifle de assalto
Faca Bowie Autotrônica.png,Faca Bowie Autotrônica
Faca Bowie Aço de Damasco.png,Faca Bowie Aço de Damasco
Faca Bowie Case Hardened.png,Faca Bowie Case Hardened metálica azul dourada
Faca Bowie Floresta Boreal.png,Faca Bowie Floresta Boreal
Faca Bowie Massacre.png,Faca Bowie Massacre
Faca Bowie Mármore Desbotado.png,Faca Bowie Mármore Desbotado
Faca Butterfly Bright Water.png,Faca Butterfly Bright Water
Faca Falchion Mármore Desbotado.png,Faca Falchion Mármore Desbotado
Falchion Knife Autotronic.png,Falchion Knife Autotronic
Falchion Knife Black Laminate.png,Falchion Knife Black Laminate
Falchion Knife Blue Steel.png,Falchion Knife Blue Steel
Falchion Knife Boreal Forest.png,Falchion Knife Boreal Forest
Falchion Knife Bright Water.png,Falchion Knife Bright Water
Falchion Knife Case Hardened.png,Falchion Knife Case Hardened metálica azul dourada
Falchion Knife Crimson Web.png,Falchion Knife Crimson Web vermelha teia de aranha
Falchion Knife Damascus Steel.png,Falchion Knife Damascus Steel
Falchion Knife Forest DDPAT.png,Falchion Knife Forest DDPAT
Falchion Knife Freehand.png,Falchion Knife Freehand
Falchion Knife Lore.png,Falchion Knife Lore
Falchion Knife Marble Fade.png,Falchion Knife Marble Fade degradê colorido brilhante degradê mármore colorido
Falchion Knife Night.png,Falchion Knife Night
Falchion Knife Safari Mesh.png,Falchion Knife Safari Mesh
Falchion Knife Scorched.png,Falchion Knife Scorched
Falchion Knife Slaughter.png,Falchion Knife Slaughter
Falchion Knife Stained.png,Falchion Knife Stained
Falchion Knife Tiger Tooth.png,Falchion Knife Tiger Tooth dourada listras de tigre
Falchion Knife Ultraviolet.png,Falchion Knife Ultraviolet
Falchion Knife Urban Masked.png,Falchion Knife Urban Masked
Falchion Knife Vanilla.png,Falchion Knife Vanilla
Five-SeveN Anodized Gunmetal.png,Five-SeveN Anodized Gunmetal pistola
Five-SeveN Berries And Cherries.png,Five-SeveN Berries And Cherries pistola
Five-SeveN Boost Protocol.png,Five-SeveN Boost Protocol pistola
Five-SeveN Candy Apple.png,Five-SeveN Candy Apple pistola
Five-SeveN Capillary.png,Five-SeveN Capillary pistola
Five-SeveN Case Hardened.png,Five-SeveN Case Hardened pistola metálica azul dourada
Five-SeveN Colega.png,Five-SeveN Colega pistola
Five-SeveN Contractor.png,Five-SeveN Contractor pistola
Five-SeveN Coolant.png,Five-SeveN Coolant pistola
Five-SeveN Copper Galaxy.png,Five-SeveN Copper Galaxy pistola
Five-SeveN Crimson Blossom.png,Five-SeveN Crimson Blossom pistola
Five-SeveN Fairy Tale.png,Five-SeveN Fairy Tale pistola
Five-SeveN Fall Hazard.png,Five-SeveN Fall Hazard pistola
Five-SeveN Flame Test.png,Five-SeveN Flame Test pistola
Five-SeveN Forest Night.png,Five-SeveN Forest Night pistola
Five-SeveN Fowl Play.png,Five-SeveN Fowl Play pistola
Five-SeveN Hot Shot.png,Five-SeveN Hot Shot pistola
Five-SeveN Hybrid.png,Five-SeveN Hybrid pistola
Five-SeveN Hyper Beast.png,Five-SeveN Hyper Beast pistola monstro colorida psicodélica
Five-SeveN Jungle.png,Five-SeveN Jungle pistola
Five-SeveN Kami.png,Five-SeveN Kami pistola
Five-SeveN Multidão Enfurecida.png,Five-SeveN Multidão Enfurecida pistola
Five-SeveN Neon Kimono.png,Five-SeveN Neon Kimono pistola
Five-SeveN Nightshade.png,Five-SeveN Nightshade pistola
Five-SeveN Nitro.png,Five-SeveN Nitro pistola
Five-SeveN Orange Peel.png,Five-SeveN Orange Peel pistola
Five-SeveN Retrobution.png,Five-SeveN Retrobution pistola
Five-SeveN Scrawl.png,Five-SeveN Scrawl pistola
Five-SeveN Scumbria.png,Five-SeveN Scumbria pistola
Five-SeveN Silver Quartz.png,Five-SeveN Silver Quartz pistola
Five-SeveN Triumvirate.png,Five-SeveN Triumvirate pistola
Five-SeveN Urban Hazard.png,Five-SeveN Urban Hazard pistola
Five-SeveN Violent Daimyo.png,Five-SeveN Violent Daimyo pistola
Five-SeveN Withered Vine.png,Five-SeveN Withered Vine pistola
Flip Knife Autotronic.png,Flip Knife Autotronic faca
Flip Knife Black Laminate.png,Flip Knife Black Laminate faca
Flip Knife Blue Steel.png,Flip Knife Blue Steel faca
Flip Knife Boreal Forest.png,Flip Knife Boreal Forest faca
Flip Knife Bright Water.png,Flip Knife Bright Water faca
Flip Knife Case Hardened.png,Flip Knife Case Hardened faca metálica azul dourada
Flip Knife Crimson Web.png,Flip Knife Crimson Web faca vermelha teia de aranha
Flip Knife Damascus Steel.png,Flip Knife Damascus Steel faca
Flip Knife Fade.png,Flip Knife Fade faca degradê colorido brilhante
Flip Knife Forest DDPAT.png,Flip Knife Forest DDPAT faca
Flip Knife Freehand.png,Flip Knife Freehand faca
Flip Knife Lore.png,Flip Knife Lore faca
Flip Knife Marble Fade.png,Flip Knife Marble Fade faca degradê colorido brilhante degradê mármore colorido
Flip Knife Night.png,Flip Knife Night faca
Flip Knife Safari Mesh.png,Flip Knife Safari Mesh faca
Flip Knife Scorched.png,Flip Knife Scorched faca
Flip Knife Slaughter.png,Flip Knife Slaughter faca
Flip Knife Stained.png,Flip Knife Stained faca
Flip Knife Tiger Tooth.png,Flip Knife Tiger Tooth faca dourada listras de tigre
Flip Knife Ultraviolet.png,Flip Knife Ultraviolet faca
Flip Knife Urban Masked.png,Flip Knife Urban Masked faca
Flip Knife Vanilla.png,Flip Knife Vanilla faca
G3SG1 Ancient Ritual.png,G3SG1 Ancient Ritual sniper automática
G3SG1 Arctic Camo.png,G3SG1 Arctic Camo sniper automática
G3SG1 Azure Zebra.png,G3SG1 Azure Zebra sniper automática
G3SG1 Black Sand.png,G3SG1 Black Sand sniper automática
G3SG1 Chronos.png,G3SG1 Chronos sniper automática
G3SG1 Contractor.png,G3SG1 Contractor sniper automática
G3SG1 Demeter.png,G3SG1 Demeter sniper automática
G3SG1 Desert Storm.png,G3SG1 Desert Storm sniper automática
G3SG1 Digital Mesh.png,G3SG1 Digital Mesh sniper automática
G3SG1 Dream Glade.png,G3SG1 Dream Glade sniper automática
G3SG1 Flux.png,G3SG1 Flux sniper automática
G3SG1 Green Apple.png,G3SG1 Green Apple sniper automática
G3SG1 High Seas.png,G3SG1 High Seas sniper automática
G3SG1 Hunter.png,G3SG1 Hunter sniper automática
G3SG1 Jungle Dashed.png,G3SG1 Jungle Dashed sniper automática
G3SG1 Keeping Tabs.png,G3SG1 Keeping Tabs sniper automática
G3SG1 Murky.png,G3SG1 Murky sniper automática
G3SG1 New Roots.png,G3SG1 New Roots sniper automática
G3SG1 Orange Crash.png,G3SG1 Orange Crash sniper automática
G3SG1 Orange Kimono.png,G3SG1 Orange Kimono sniper automática
G3SG1 Polar Camo.png,G3SG1 Polar Camo sniper automática
G3SG1 Safari Mesh.png,G3SG1 Safari Mesh sniper automática
G3SG1 Scavenger.png,G3SG1 Scavenger sniper automática
G3SG1 Stinger.png,G3SG1 Stinger sniper automática
G3SG1 VariCamo.png,G3SG1 VariCamo sniper automática
G3SG1 Ventilator.png,G3SG1 Ventilator sniper automática
G3SG1 Violet Murano.png,G3SG1 Violet Murano sniper automática
Galil AR Akoben.png,Galil AR Akoben rifle de assalto
Galil AR Amber Fade.png,Galil AR Amber Fade rifle de assalto degradê colorido brilhante
Galil AR Aqua Terrace.png,Galil AR Aqua Terrace rifle de assalto
Galil AR Black Sand.png,Galil AR Black Sand rifle de assalto
Galil AR Blue Titanium.png,Galil AR Blue Titanium rifle de assalto
Galil AR CAUTION!.png,Galil AR CAUTION! rifle de assalto
Galil AR Cerberus.png,Galil AR Cerberus rifle de assalto
Galil AR Chromatic Aberration.png,Galil AR Chromatic Aberration rifle de assalto
Galil AR Cold Fusion.png,Galil AR Cold Fusion rifle de assalto
Galil AR Connexion.png,Galil AR Connexion rifle de assalto
Galil AR Crimson Tsunami.png,Galil AR Crimson Tsunami rifle de assalto
Galil AR Destruidora.png,Galil AR Destruidora rifle de assalto
Galil AR Dusk Ruins.png,Galil AR Dusk Ruins rifle de assalto
Galil AR Firefight.png,Galil AR Firefight rifle de assalto
Galil AR Hunting Blind.png,Galil AR Hunting Blind rifle de assalto
Galil AR Kami.png,Galil AR Kami rifle de assalto
Galil AR Orange DDPAT.png,Galil AR Orange DDPAT rifle de assalto
Galil AR Phoenix Blacklight.png,Galil AR Phoenix Blacklight rifle de assalto
Galil AR Rocket Pop.png,Galil AR Rocket Pop rifle de assalto
Galil AR Sage Spray.png,Galil AR Sage Spray rifle de assalto
Galil AR Shattered.png,Galil AR Shattered rifle de assalto
Galil AR Signal.png,Galil AR Signal rifle de assalto
Galil AR Stone Cold.png,Galil AR Stone Cold rifle de assalto
Galil AR Sugar Rush.png,Galil AR Sugar Rush rifle de assalto
Galil AR Tornado.png,Galil AR Tornado rifle de assalto
Galil AR Tuxedo.png,Galil AR Tuxedo rifle de assalto
Galil AR Urban Rubble.png,Galil AR Urban Rubble rifle de assalto
Galil AR Vandal.png,Galil AR Vandal rifle de assalto
Galil AR VariCamo.png,Galil AR VariCamo rifle de assalto
Galil AR Winter Forest.png,Galil AR Winter Forest rifle de assalto
Glock-18 Block-18.png,Glock-18 Block-18 pistola
Glock-18 Blue Fissure.png,Glock-18 Blue Fissure pistola
Glock-18 Brass.png,Glock-18 Brass pistola
Glock-18 Bullet Queen.png,Glock-18 Bullet Queen pistola anime vermelha
Glock-18 Bunsen Burner.png,Glock-18 Bunsen Burner pistola
Glock-18 Candy Apple.png,Glock-18 Candy Apple pistola
Glock-18 Catacombs.png,Glock-18 Catacombs pistola
Glock-18 Clear Polymer.png,Glock-18 Clear Polymer pistola
Glock-18 Dragon Tattoo.png,Glock-18 Dragon Tattoo pistola
Glock-18 Fade.png,Glock-18 Fade pistola degradê colorido brilhante
Glock-18 Franklin.png,Glock-18 Franklin pistola
Glock-18 Grinder.png,Glock-18 Grinder pistola
Glock-18 Groundwater.png,Glock-18 Groundwater pistola
Glock-18 High Beam.png,Glock-18 High Beam pistola
Glock-18 Ironwork.png,Glock-18 Ironwork pistola
Glock-18 Moonrise.png,Glock-18 Moonrise pistola
Glock-18 Neo-Noir.png,Glock-18 Neo-Noir pistola rosa roxa anime neon
Glock-18 Night.png,Glock-18 Night pistola
Glock-18 Nuclear Garden.png,Glock-18 Nuclear Garden pistola
Glock-18 Off World.png,Glock-18 Off World pistola
Glock-18 Oxide Blaze.png,Glock-18 Oxide Blaze pistola
Glock-18 Pink DDPAT.png,Glock-18 Pink DDPAT pistola
Glock-18 Ramese's Reach.png,Glock-18 Ramese's Reach pistola
Glock-18 Reactor.png,Glock-18 Reactor pistola
Glock-18 Red Tire.png,Glock-18 Red Tire pistola
Glock-18 Royal Legion.png,Glock-18 Royal Legion pistola
Glock-18 Sacrifice.png,Glock-18 Sacrifice pistola
Glock-18 Sand Dune.png,Glock-18 Sand Dune pistola
Glock-18 Snack Attack.png,Glock-18 Snack Attack pistola
Glock-18 Steel Disruption.png,Glock-18 Steel Disruption pistola
Glock-18 Synth Leaf.png,Glock-18 Synth Leaf pistola
Glock-18 Twilight Galaxy.png,Glock-18 Twilight Galaxy pistola
Glock-18 Umbral Rabbit.png,Glock-18 Umbral Rabbit pistola
Glock-18 Vogue.png,Glock-18 Vogue pistola
Glock-18 Warhawk.png,Glock-18 Warhawk pistola
Glock-18 Wasteland Rebel.png,Glock-18 Wasteland Rebel pistola
Glock-18 Water Elemental.png,Glock-18 Water Elemental pistola água azul elemental
Glock-18 Weasel.png,Glock-18 Weasel pistola
Glock-18 Winterized.png,Glock-18 Winterized pistola
Glock-18 Wraiths.png,Glock-18 Wraiths pistola
Gut Knife Autotronic.png,Gut Knife Autotronic faca
Gut Knife Black Laminate.png,Gut Knife Black Laminate faca
Gut Knife Blue Steel.png,Gut Knife Blue Steel faca
Gut Knife Boreal Forest.png,Gut Knife Boreal Forest faca
Gut Knife Bright Water.png,Gut Knife Bright Water faca
Gut Knife Case Hardened.png,Gut Knife Case Hardened faca metálica azul dourada
Gut Knife Crimson Web.png,Gut Knife Crimson Web faca vermelha teia de aranha
Gut Knife Damascus Steel.png,Gut Knife Damascus Steel faca
Gut Knife Fade.png,Gut Knife Fade faca degradê colorido brilhante
Gut Knife Forest DDPAT.png,Gut Knife Forest DDPAT faca
Gut Knife Freehand.png,Gut Knife Freehand faca
Gut Knife Lore.png,Gut Knife Lore faca
Gut Knife Marble Fade.png,Gut Knife Marble Fade faca degradê colorido brilhante degradê mármore colorido
Gut Knife Night.png,Gut Knife Night faca
Gut Knife Safari Mesh.png,Gut Knife Safari Mesh faca
Gut Knife Scorched.png,Gut Knife Scorched faca
Gut Knife Slaughter.png,Gut Knife Slaughter faca
Gut Knife Stained.png,Gut Knife Stained faca
Gut Knife Tiger Tooth.png,Gut Knife Tiger Tooth faca dourada listras de tigre
Gut Knife Ultraviolet.png,Gut Knife Ultraviolet faca
Gut Knife Urban Masked.png,Gut Knife Urban Masked faca
Gut Knife Vanilla.png,Gut Knife Vanilla faca
Huntsman Knife  Black Laminate.png,Huntsman Knife  Black Laminate
Huntsman Knife Autotronic.png,Huntsman Knife Autotronic
Huntsman Knife Black Laminate.png,Huntsman Knife Black Laminate
Huntsman Knife Blue Steel.png,Huntsman Knife Blue Steel
Huntsman Knife Boreal Forest.png,Huntsman Knife Boreal Forest
Huntsman Knife Case Hardened.png,Huntsman Knife Case Hardened metálica azul dourada
Huntsman Knife Crimson Web.png,Huntsman Knife Crimson Web vermelha teia de aranha
Huntsman Knife Damascus Steel.png,Huntsman Knife Damascus Steel
Huntsman Knife Fade.png,Huntsman Knife Fade degradê colorido brilhante
Huntsman Knife Forest DDPAT.png,Huntsman Knife Forest DDPAT
Huntsman Knife Freehand.png,Huntsman Knife Freehand
Huntsman Knife Lore.png,Huntsman Knife Lore
Huntsman Knife Marble.png,Huntsman Knife Marble
Huntsman Knife Night.png,Huntsman Knife Night
Huntsman Knife Safari Mesh.png,Huntsman Knife Safari Mesh
Huntsman Knife Scorched.png,Huntsman Knife Scorched
Huntsman Knife Slaughter.png,Huntsman Knife Slaughter
Huntsman Knife Stained.png,Huntsman Knife Stained
Huntsman Knife Tiger Tooth.png,Huntsman Knife Tiger Tooth dourada listras de tigre
Huntsman Knife Ultraviolet.png,Huntsman Knife Ultraviolet
Huntsman Knife Urban Masked.png,Huntsman Knife Urban Masked
Huntsman Knife Vanilla.png,Huntsman Knife Vanilla
Karambit Autotronic.png,Karambit Autotronic faca curva
Karambit Black Laminate.png,Karambit Black Laminate faca curva
Karambit Blue Steel.png,Karambit Blue Steel faca curva
Karambit Boreal Forest.png,Karambit Boreal Forest faca curva
Karambit Bright Water.png,Karambit Bright Water faca curva
Karambit Case Hardened.png,Karambit Case Hardened faca curva metálica azul dourada
Karambit Crimson Web.png,Karambit Crimson Web faca curva vermelha teia de aranha
Karambit Damascus Steel.png,Karambit Damascus Steel faca curva
Karambit Fade.png,Karambit Fade faca curva degradê colorido brilhante
Karambit Forest DDPAT.png,Karambit Forest DDPAT faca curva
Karambit Freehand.png,Karambit Freehand faca curva
Karambit Lore.png,Karambit Lore faca curva
Karambit Marble Fade.png,Karambit Marble Fade faca curva degradê colorido brilhante degradê mármore colorido
Karambit Night.png,Karambit Night faca curva
Karambit Safari Mesh.png,Karambit Safari Mesh faca curva
Karambit Scorched.png,Karambit Scorched faca curva
Karambit Slaughter.png,Karambit Slaughter faca curva
Karambit Stained.png,Karambit Stained faca curva
Karambit Tiger Tooth.png,Karambit Tiger Tooth faca curva dourada listras de tigre
Karambit Ultraviolet.png,Karambit Ultraviolet faca curva
Karambit Urban Masked.png,Karambit Urban Masked faca curva
Karambit Vanilla.png,Karambit Vanilla faca curva
Kukri Knife Blue Steel.png,Kukri Knife Blue Steel faca kukri
Kukri Knife Boreal Forest.png,Kukri Knife Boreal Forest faca kukri
Kukri Knife Case Hardened.png,Kukri Knife Case Hardened faca kukri metálica azul dourada
Kukri Knife Fade.png,Kukri Knife Fade faca kukri degradê colorido brilhante
Kukri Knife Forest DDPAT.png,Kukri Knife Forest DDPAT faca kukri
Kukri Knife Night Stripe.png,Kukri Knife Night Stripe faca kukri
Kukri Knife Safari Mesh.png,Kukri Knife Safari Mesh faca kukri
Kukri Knife Scorched.png,Kukri Knife Scorched faca kukri
Kukri Knife Slaughter.png,Kukri Knife Slaughter faca kukri
Kukri Knife Stained.png,Kukri Knife Stained faca kukri
Kukri Knife Urban Masked.png,Kukri Knife Urban Masked faca kukri
Kukri Knife Vanilla.png,Kukri Knife Vanilla faca kukri
M249 Aztec.png,M249 Aztec metralhadora pesada
M249 Blizzard Marbleized.png,M249 Blizzard Marbleized metralhadora pesada
M249 Contrast Spray.png,M249 Contrast Spray metralhadora pesada
M249 Deep Relief.png,M249 Deep Relief metralhadora pesada
M249 Downtown.png,M249 Downtown metralhadora pesada
M249 Emerald Poison Dart.png,M249 Emerald Poison Dart metralhadora pesada
M249 Gator Mesh.png,M249 Gator Mesh metralhadora pesada
M249 Humidor.png,M249 Humidor metralhadora pesada
M249 Impact Drill.png,M249 Impact Drill metralhadora pesada
M249 Jungle DDPAT.png,M249 Jungle DDPAT metralhadora pesada
M249 Jungle.png,M249 Jungle metralhadora pesada
M249 Magma.png,M249 Magma metralhadora pesada
M249 Midnight Palm.png,M249 Midnight Palm metralhadora pesada
M249 Nebula Crusader.png,M249 Nebula Crusader metralhadora pesada
M249 O.S.I.P.R..png,M249 O.S.I.P.R. metralhadora pesada
M249 Predator.png,M249 Predator metralhadora pesada
M249 Shipping Forecast.png,M249 Shipping Forecast metralhadora pesada
M249 Spectre.png,M249 Spectre metralhadora pesada
M249 Submerged.png,M249 Submerged metralhadora pesada
M249 System Lock.png,M249 System Lock metralhadora pesada
M249 Warbird.png,M249 Warbird metralhadora pesada
M4A1-S Atomic Alloy.png,M4A1-S Atomic Alloy rifle de assalto silenciado
M4A1-S Basilisk.png,M4A1-S Basilisk rifle de assalto silenciado
M4A1-S Black Lotus.png,M4A1-S Black Lotus rifle de assalto silenciado
M4A1-S Blood Tiger.png,M4A1-S Blood Tiger rifle de assalto silenciado
M4A1-S Blue Phosphor.png,M4A1-S Blue Phosphor rifle de assalto silenciado
M4A1-S Boreal Forest.png,M4A1-S Boreal Forest rifle de assalto silenciado
M4A1-S Briefing.png,M4A1-S Briefing rifle de assalto silenciado
M4A1-S Chantico's Fire.png,M4A1-S Chantico's Fire rifle de assalto silenciado
M4A1-S Control Panel.png,M4A1-S Control Panel rifle de assalto silenciado
M4A1-S Cyrex.png,M4A1-S Cyrex rifle de assalto silenciado preta vermelha futurista
M4A1-S Dizimadora.png,M4A1-S Dizimadora rifle de assalto silenciado
M4A1-S Efervescente.png,M4A1-S Efervescente rifle de assalto silenciado
M4A1-S Emphorosaur-S.png,M4A1-S Emphorosaur-S rifle de assalto silenciado
M4A1-S Flashback.png,M4A1-S Flashback rifle de assalto silenciado
M4A1-S Golden Coil.png,M4A1-S Golden Coil rifle de assalto silenciado
M4A1-S Guardian.png,M4A1-S Guardian rifle de assalto silenciado
M4A1-S Hot Rod.png,M4A1-S Hot Rod rifle de assalto silenciado
M4A1-S Hyper Beast.png,M4A1-S Hyper Beast rifle de assalto silenciado monstro colorida psicodélica
M4A1-S Icarus Fell.png,M4A1-S Icarus Fell rifle de assalto silenciado
M4A1-S Imminent Danger.png,M4A1-S Imminent Danger rifle de assalto silenciado
M4A1-S Knight.png,M4A1-S Knight rifle de assalto silenciado
M4A1-S Leaded Glass.png,M4A1-S Leaded Glass rifle de assalto silenciado
M4A1-S Master Piece.png,M4A1-S Master Piece rifle de assalto silenciado
M4A1-S Mecha Industries.png,M4A1-S Mecha Industries rifle de assalto silenciado
M4A1-S Moss Quartz.png,M4A1-S Moss Quartz rifle de assalto silenciado
M4A1-S Mud-Spec.png,M4A1-S Mud-Spec rifle de assalto silenciado
M4A1-S Night Terror.png,M4A1-S Night Terror rifle de assalto silenciado
M4A1-S Nightmare.png,M4A1-S Nightmare rifle de assalto silenciado
M4A1-S Nitro.png,M4A1-S Nitro rifle de assalto silenciado
M4A1-S Player Two.png,M4A1-S Player Two rifle de assalto silenciado
M4A1-S Printstream.png,M4A1-S Printstream rifle de assalto silenciado branca moderna futurista
M4A1-S VariCamo.png,M4A1-S VariCamo rifle de assalto silenciado
M4A1-S Welcome to the Jungle.png,M4A1-S Welcome to the Jungle rifle de assalto silenciado
M4A4 Bullet Rain.png,M4A4 Bullet Rain rifle de assalto
M4A4 Buzz Kill.png,M4A4 Buzz Kill rifle de assalto
M4A4 Conversor.png,M4A4 Conversor rifle de assalto
M4A4 Cyber Security.png,M4A4 Cyber Security rifle de assalto
M4A4 Dark Blossom.png,M4A4 Dark Blossom rifle de assalto
M4A4 Daybreak.png,M4A4 Daybreak rifle de assalto
M4A4 Desert Storm.png,M4A4 Desert Storm rifle de assalto
M4A4 Desert-Strike.png,M4A4 Desert-Strike rifle de assalto
M4A4 Desolate Space.png,M4A4 Desolate Space rifle de assalto
M4A4 Estrela de Batalha.png,M4A4 Estrela de Batalha rifle de assalto
M4A4 Etch Lord.png,M4A4 Etch Lord rifle de assalto
M4A4 Evil Daimyo.png,M4A4 Evil Daimyo rifle de assalto
M4A4 Eye of Horus.png,M4A4 Eye of Horus rifle de assalto
M4A4 Faded Zebra.png,M4A4 Faded Zebra rifle de assalto degradê colorido brilhante
M4A4 Global Offensive.png,M4A4 Global Offensive rifle de assalto
M4A4 Griffin.png,M4A4 Griffin rifle de assalto
M4A4 Hellfire.png,M4A4 Hellfire rifle de assalto
M4A4 Howl.png,M4A4 Howl rifle de assalto
M4A4 In Living Color.png,M4A4 In Living Color rifle de assalto
M4A4 Jungle Tiger.png,M4A4 Jungle Tiger rifle de assalto
M4A4 Magnésio.png,M4A4 Magnésio rifle de assalto
M4A4 Mainframe.png,M4A4 Mainframe rifle de assalto
M4A4 Modern Hunter.png,M4A4 Modern Hunter rifle de assalto
M4A4 Neo-Noir.png,M4A4 Neo-Noir rifle de assalto rosa roxa anime neon
M4A4 O Imperador.png,M4A4 O Imperador rifle de assalto
M4A4 Poly Mag..png,M4A4 Poly Mag. rifle de assalto
M4A4 Poseidon.png,M4A4 Poseidon rifle de assalto
M4A4 Radiation Hazard.png,M4A4 Radiation Hazard rifle de assalto
M4A4 Red DDPAT.png,M4A4 Red DDPAT rifle de assalto
M4A4 Royal Paladin.png,M4A4 Royal Paladin rifle de assalto
M4A4 Spider Lily.png,M4A4 Spider Lily rifle de assalto
M4A4 Temukau.png,M4A4 Temukau rifle de assalto
M4A4 The Coalition.png,M4A4 The Coalition rifle de assalto
M4A4 Tooth Fairy.png,M4A4 Tooth Fairy rifle de assalto
M4A4 Tornado.png,M4A4 Tornado rifle de assalto
M4A4 Urban DDPAT.png,M4A4 Urban DDPAT rifle de assalto
M4A4 X-Ray.png,M4A4 X-Ray rifle de assalto
M4A4 Zirka.png,M4A4 Zirka rifle de assalto
M4A4 龍王 (Dragon King).png,M4A4 龍王 (Dragon King) rifle de assalto
M9 Bayonet Autotronic.png,M9 Bayonet Autotronic baioneta
M9 Bayonet Black laminate.png,M9 Bayonet Black laminate baioneta
M9 Bayonet Blue Steel.png,M9 Bayonet Blue Steel baioneta
M9 Bayonet Boreal Forest.png,M9 Bayonet Boreal Forest baioneta
M9 Bayonet Bright Water.png,M9 Bayonet Bright Water baioneta
M9 Bayonet Case Hardened.png,M9 Bayonet Case Hardened baioneta metálica azul dourada
M9 Bayonet Crimson Web.png,M9 Bayonet Crimson Web baioneta vermelha teia de aranha
M9 Bayonet Damascus Steel.png,M9 Bayonet Damascus Steel baioneta
M9 Bayonet Fade.png,M9 Bayonet Fade baioneta degradê colorido brilhante
M9 Bayonet Forest DDPAT.png,M9 Bayonet Forest DDPAT baioneta
M9 Bayonet Freehand.png,M9 Bayonet Freehand baioneta
M9 Bayonet Lore.png,M9 Bayonet Lore baioneta
M9 Bayonet Marble Fade.png,M9 Bayonet Marble Fade baioneta degradê colorido brilhante degradê mármore colorido
M9 Bayonet Night.png,M9 Bayonet Night baioneta
M9 Bayonet Safari Mesh.png,M9 Bayonet Safari Mesh baioneta
M9 Bayonet Scorched.png,M9 Bayonet Scorched baioneta
M9 Bayonet Slaughter.png,M9 Bayonet Slaughter baioneta
M9 Bayonet Stained.png,M9 Bayonet Stained baioneta
M9 Bayonet Tiger Tooth.png,M9 Bayonet Tiger Tooth baioneta dourada listras de tigre
M9 Bayonet Ultraviolet.png,M9 Bayonet Ultraviolet baioneta
M9 Bayonet Urban Masked.png,M9 Bayonet Urban Masked baioneta
M9 Bayonet Vanilla.png,M9 Bayonet Vanilla baioneta
MAC-10 Allure.png,MAC-10 Allure submetralhadora
MAC-10 Aloha.png,MAC-10 Aloha submetralhadora
MAC-10 Amber Fade.png,MAC-10 Amber Fade submetralhadora degradê colorido brilhante
MAC-10 Button Masher.png,MAC-10 Button Masher submetralhadora
MAC-10 Calf Skin.png,MAC-10 Calf Skin submetralhadora
MAC-10 Candy Apple.png,MAC-10 Candy Apple submetralhadora
MAC-10 Carnívora.png,MAC-10 Carnívora submetralhadora
MAC-10 Case Hardened.png,MAC-10 Case Hardened submetralhadora metálica azul dourada
MAC-10 Classic Crate.png,MAC-10 Classic Crate submetralhadora
MAC-10 Commuter.png,MAC-10 Commuter submetralhadora
MAC-10 Copper Borre.png,MAC-10 Copper Borre submetralhadora
MAC-10 Curse.png,MAC-10 Curse submetralhadora
MAC-10 Disco Tech.png,MAC-10 Disco Tech submetralhadora
MAC-10 Echoing Sands.png,MAC-10 Echoing Sands submetralhadora
MAC-10 Ensnared.png,MAC-10 Ensnared submetralhadora
MAC-10 Fade.png,MAC-10 Fade submetralhadora degradê colorido brilhante
MAC-10 Gold Brick.png,MAC-10 Gold Brick submetralhadora
MAC-10 Graven.png,MAC-10 Graven submetralhadora
MAC-10 Heat.png,MAC-10 Heat submetralhadora
MAC-10 Hot Snakes.png,MAC-10 Hot Snakes submetralhadora
MAC-10 Indigo.png,MAC-10 Indigo submetralhadora
MAC-10 Lapis Gator.png,MAC-10 Lapis Gator submetralhadora
MAC-10 Last Dive.png,MAC-10 Last Dive submetralhadora
MAC-10 Light Box.png,MAC-10 Light Box submetralhadora
MAC-10 Malachite.png,MAC-10 Malachite submetralhadora
MAC-10 Monkeyflage.png,MAC-10 Monkeyflage submetralhadora
MAC-10 Neon Rider.png,MAC-10 Neon Rider submetralhadora neon colorida futurista
MAC-10 Nuclear Garden.png,MAC-10 Nuclear Garden submetralhadora
MAC-10 Oceanic.png,MAC-10 Oceanic submetralhadora
MAC-10 Palm.png,MAC-10 Palm submetralhadora
MAC-10 Pipe Down.png,MAC-10 Pipe Down submetralhadora
MAC-10 Propaganda.png,MAC-10 Propaganda submetralhadora
MAC-10 Rangeen.png,MAC-10 Rangeen submetralhadora
MAC-10 Red Filigree.png,MAC-10 Red Filigree submetralhadora
MAC-10 Sakkaku.png,MAC-10 Sakkaku submetralhadora
MAC-10 Sienna Damask.png,MAC-10 Sienna Damask submetralhadora
MAC-10 Silver.png,MAC-10 Silver submetralhadora
MAC-10 Stalker.png,MAC-10 Stalker submetralhadora
MAC-10 Strats.png,MAC-10 Strats submetralhadora
MAC-10 Surfwood.png,MAC-10 Surfwood submetralhadora
MAC-10 Tatter.png,MAC-10 Tatter submetralhadora
MAC-10 Tornado.png,MAC-10 Tornado submetralhadora
MAC-10 Toybox.png,MAC-10 Toybox submetralhadora
MAC-10 Ultraviolet.png,MAC-10 Ultraviolet submetralhadora
MAC-10 Urban DDPAT.png,MAC-10 Urban DDPAT submetralhadora
MAC-10 Whitefish.png,MAC-10 Whitefish submetralhadora
MAG-7 Bulldozer.png,MAG-7 Bulldozer escopeta
MAG-7 Carbon Fiber.png,MAG-7 Carbon Fiber escopeta
MAG-7 Chainmail.png,MAG-7 Chainmail escopeta
MAG-7 Cinquedea.png,MAG-7 Cinquedea escopeta
MAG-7 Cobalt Core.png,MAG-7 Cobalt Core escopeta
MAG-7 Copper Coated.png,MAG-7 Copper Coated escopeta
MAG-7 Counter Terrace.png,MAG-7 Counter Terrace escopeta
MAG-7 Espectro Bi83.png,MAG-7 Espectro Bi83 escopeta
MAG-7 Firestarter.png,MAG-7 Firestarter escopeta
MAG-7 Foresight.png,MAG-7 Foresight escopeta
MAG-7 Hard Water.png,MAG-7 Hard Water escopeta
MAG-7 Hazard.png,MAG-7 Hazard escopeta
MAG-7 Heat.png,MAG-7 Heat escopeta
MAG-7 Heaven Guard.png,MAG-7 Heaven Guard escopeta
MAG-7 Insônia.png,MAG-7 Insônia escopeta
MAG-7 Irradiated Alert.png,MAG-7 Irradiated Alert escopeta
MAG-7 Justice.png,MAG-7 Justice escopeta
MAG-7 Memento.png,MAG-7 Memento escopeta
MAG-7 Metallic DDPAT.png,MAG-7 Metallic DDPAT escopeta
MAG-7 Monster Call.png,MAG-7 Monster Call escopeta
MAG-7 Navy Sheen.png,MAG-7 Navy Sheen escopeta
MAG-7 Petroglyph.png,MAG-7 Petroglyph escopeta
MAG-7 Popdog.png,MAG-7 Popdog escopeta
MAG-7 Praetorian.png,MAG-7 Praetorian escopeta
MAG-7 Prism Terrace.png,MAG-7 Prism Terrace escopeta
MAG-7 Rust Coat.png,MAG-7 Rust Coat escopeta
MAG-7 SWAG-7.png,MAG-7 SWAG-7 escopeta
MAG-7 Sand Dune.png,MAG-7 Sand Dune escopeta
MAG-7 Seabird.png,MAG-7 Seabird escopeta
MAG-7 Silver.png,MAG-7 Silver escopeta
MAG-7 Sonar.png,MAG-7 Sonar escopeta
MAG-7 Storm.png,MAG-7 Storm escopeta
MAG-7 Vazamento Nuclear.png,MAG-7 Vazamento Nuclear escopeta
MP5-SD Acid Wash.png,MP5-SD Acid Wash submetralhadora silenciada
MP5-SD Agent.png,MP5-SD Agent submetralhadora silenciada
MP5-SD Autumn Twilly.png,MP5-SD Autumn Twilly submetralhadora silenciada
MP5-SD Bamboo Garden.png,MP5-SD Bamboo Garden submetralhadora silenciada
MP5-SD Co-Processor.png,MP5-SD Co-Processor submetralhadora silenciada
MP5-SD Condition Zero.png,MP5-SD Condition Zero submetralhadora silenciada
MP5-SD Desert Strike.png,MP5-SD Desert Strike submetralhadora silenciada
MP5-SD Dirt Drop.png,MP5-SD Dirt Drop submetralhadora silenciada
MP5-SD Gauss.png,MP5-SD Gauss submetralhadora silenciada
MP5-SD Kitbash.png,MP5-SD Kitbash submetralhadora silenciada
MP5-SD Liquidation.png,MP5-SD Liquidation submetralhadora silenciada
MP5-SD Necro Jr..png,MP5-SD Necro Jr. submetralhadora silenciada
MP5-SD Nitro.png,MP5-SD Nitro submetralhadora silenciada
MP5-SD Oxide Oasis.png,MP5-SD Oxide Oasis submetralhadora silenciada
MP5-SD Phosphor.png,MP5-SD Phosphor submetralhadora silenciada
MP7 Akoben.png,MP7 Akoben submetralhadora
MP7 Anodized Navy.png,MP7 Anodized Navy submetralhadora
MP7 Aparição Abissal.png,MP7 Aparição Abissal submetralhadora
MP7 Armor Core.png,MP7 Armor Core submetralhadora
MP7 Army Recon.png,MP7 Army Recon submetralhadora
MP7 Asterion.png,MP7 Asterion submetralhadora
MP7 Bloodsport.png,MP7 Bloodsport submetralhadora vermelha esportiva futurista
MP7 Cirrus.png,MP7 Cirrus submetralhadora
MP7 Fade.png,MP7 Fade submetralhadora degradê colorido brilhante
MP7 Forest DDPAT.png,MP7 Forest DDPAT submetralhadora
MP7 Full Stop.png,MP7 Full Stop submetralhadora
MP7 Groundwater.png,MP7 Groundwater submetralhadora
MP7 Guerrilla.png,MP7 Guerrilla submetralhadora
MP7 Gunsmoke.png,MP7 Gunsmoke submetralhadora
MP7 Impire.png,MP7 Impire submetralhadora
MP7 Just Smile.png,MP7 Just Smile submetralhadora
MP7 Motherboard.png,MP7 Motherboard submetralhadora
MP7 Nemesis.png,MP7 Nemesis submetralhadora
MP7 Neon Ply.png,MP7 Neon Ply submetralhadora
MP7 Ocean Foam.png,MP7 Ocean Foam submetralhadora
MP7 Olive Plaid.png,MP7 Olive Plaid submetralhadora
MP7 Orange Peel.png,MP7 Orange Peel submetralhadora
MP7 Powercore.png,MP7 Powercore submetralhadora
MP7 Prey.png,MP7 Prey submetralhadora
MP7 Scorched.png,MP7 Scorched submetralhadora
MP7 Special Delivery.png,MP7 Special Delivery submetralhadora
MP7 Sunbaked.png,MP7 Sunbaked submetralhadora
MP7 Tall Grass.png,MP7 Tall Grass submetralhadora
MP7 Teal Blossom.png,MP7 Teal Blossom submetralhadora
MP7 Urban Hazard.png,MP7 Urban Hazard submetralhadora
MP7 Vault Heist.png,MP7 Vault Heist submetralhadora
MP7 Whiteout.png,MP7 Whiteout submetralhadora
MP9 Airlock.png,MP9 Airlock submetralhadora
MP9 Army Sheen.png,MP9 Army Sheen submetralhadora
MP9 Bioleak.png,MP9 Bioleak submetralhadora
MP9 Black Sand.png,MP9 Black Sand submetralhadora
MP9 Bulldozer.png,MP9 Bulldozer submetralhadora
MP9 Cadeia Alimentar.png,MP9 Cadeia Alimentar submetralhadora
MP9 Caixa de Pandora.png,MP9 Caixa de Pandora submetralhadora
MP9 Capillary.png,MP9 Capillary submetralhadora
MP9 Dark Age.png,MP9 Dark Age submetralhadora
MP9 Dart.png,MP9 Dart submetralhadora
MP9 Deadly Poison.png,MP9 Deadly Poison submetralhadora
MP9 Dry Season.png,MP9 Dry Season submetralhadora
MP9 Featherweight.png,MP9 Featherweight submetralhadora
MP9 Goo.png,MP9 Goo submetralhadora
MP9 Green Plaid.png,MP9 Green Plaid submetralhadora
MP9 Hot Rod.png,MP9 Hot Rod submetralhadora
MP9 Hydra.png,MP9 Hydra submetralhadora
MP9 Hypnotic.png,MP9 Hypnotic submetralhadora
MP9 Modest Threat.png,MP9 Modest Threat submetralhadora
MP9 Mount Fuji.png,MP9 Mount Fuji submetralhadora
MP9 Music Box.png,MP9 Music Box submetralhadora
MP9 Old Roots.png,MP9 Old Roots submetralhadora
MP9 Orange Peel.png,MP9 Orange Peel submetralhadora
MP9 Rose Iron.png,MP9 Rose Iron submetralhadora
MP9 Ruby Poison Dart.png,MP9 Ruby Poison Dart submetralhadora
MP9 Sand Dashed.png,MP9 Sand Dashed submetralhadora
MP9 Sand Scale.png,MP9 Sand Scale submetralhadora
MP9 Setting Sun.png,MP9 Setting Sun submetralhadora
MP9 Slide.png,MP9 Slide submetralhadora
MP9 Stained Glass.png,MP9 Stained Glass submetralhadora
MP9 Starlight Protector.png,MP9 Starlight Protector submetralhadora
MP9 Storm.png,MP9 Storm submetralhadora
MP9 Wild Lily.png,MP9 Wild Lily submetralhadora
Navaja Knife  Case Hardened.png,Navaja Knife  Case Hardened faca navaja metálica azul dourada
Navaja Knife  Fade.png,Navaja Knife  Fade faca navaja degradê colorido brilhante
Navaja Knife Blue Steel.png,Navaja Knife Blue Steel faca navaja
Navaja Knife Boreal Forest.png,Navaja Knife Boreal Forest faca navaja
Navaja Knife Case Hardened.png,Navaja Knife Case Hardened faca navaja metálica azul dourada
Navaja Knife Crimson Web.png,Navaja Knife Crimson Web faca navaja vermelha teia de aranha
Navaja Knife Damascus Steel.png,Navaja Knife Damascus Steel faca navaja
Navaja Knife Fade.png,Navaja Knife Fade faca navaja degradê colorido brilhante
Navaja Knife Forest DDPAT.png,Navaja Knife Forest DDPAT faca navaja
Navaja Knife Marble Fade.png,Navaja Knife Marble Fade faca navaja degradê colorido brilhante degradê mármore colorido
Navaja Knife Night Stripe.png,Navaja Knife Night Stripe faca navaja
Navaja Knife Safari Mesh.png,Navaja Knife Safari Mesh faca navaja
Navaja Knife Slaughter.png,Navaja Knife Slaughter faca navaja
Navaja Knife Tiger Tooth.png,Navaja Knife Tiger Tooth faca navaja dourada listras de tigre
Navaja Knife Ultraviolet.png,Navaja Knife Ultraviolet faca navaja
Navaja Knife Urban Masked.png,Navaja Knife Urban Masked faca navaja
Navaja Knife Vanilla.png,Navaja Knife Vanilla faca navaja
Negev Anodized Navy.png,Negev Anodized Navy metralhadora pesada
Negev Army Sheen.png,Negev Army Sheen metralhadora pesada
Negev Bratatat.png,Negev Bratatat metralhadora pesada
Negev Bulkhead.png,Negev Bulkhead metralhadora pesada
Negev CaliCamo.png,Negev CaliCamo metralhadora pesada
Negev Desert-Strike.png,Negev Desert-Strike metralhadora pesada
Negev Drop Me.png,Negev Drop Me metralhadora pesada
Negev Infrastructure.png,Negev Infrastructure metralhadora pesada
Negev Lionfish.png,Negev Lionfish metralhadora pesada
Negev Mjölnir.png,Negev Mjölnir metralhadora pesada
Negev Nuclear Waste.png,Negev Nuclear Waste metralhadora pesada
Negev Palm.png,Negev Palm metralhadora pesada
Negev Phoenix Stencil.png,Negev Phoenix Stencil metralhadora pesada
Negev Power Loader.png,Negev Power Loader metralhadora pesada
Negev Prototype.png,Negev Prototype metralhadora pesada
Negev Protótipo.png,Negev Protótipo metralhadora pesada
Negev Terrain.png,Negev Terrain metralhadora pesada
Negev Ultralight.png,Negev Ultralight metralhadora pesada
Negev dev_texture.png,Negev dev_texture metralhadora pesada
Nomad Knife Blue Steel.png,Nomad Knife Blue Steel faca nomad
Nomad Knife Boreal Forest.png,Nomad Knife Boreal Forest faca nomad
Nomad Knife Case Hardened.png,Nomad Knife Case Hardened faca nomad metálica azul dourada
Nomad Knife Crimson Web.png,Nomad Knife Crimson Web faca nomad vermelha teia de aranha
Nomad Knife Fade.png,Nomad Knife Fade faca nomad degradê colorido brilhante
Nomad Knife Forest DDPAT.png,Nomad Knife Forest DDPAT faca nomad
Nomad Knife Night Stripe.png,Nomad Knife Night Stripe faca nomad
Nomad Knife Safari mesh.png,Nomad Knife Safari mesh faca nomad
Nomad Knife Scorched.png,Nomad Knife Scorched faca nomad
Nomad Knife Slaughter.png,Nomad Knife Slaughter faca nomad
Nomad Knife Stained.png,Nomad Knife Stained faca nomad
Nomad Knife Urban Masked.png,Nomad Knife Urban Masked faca nomad
Nomad Knife Vanilla.png,Nomad Knife Vanilla faca nomad
Nova Antique.png,Nova Antique escopeta
Nova Army Sheen.png,Nova Army Sheen escopeta
Nova Baroque Orange.png,Nova Baroque Orange escopeta
Nova Blaze Orange.png,Nova Blaze Orange escopeta
Nova Bloomstick.png,Nova Bloomstick escopeta
Nova Caged Steel.png,Nova Caged Steel escopeta
Nova Candy Apple.png,Nova Candy Apple escopeta
Nova Clear Polymer.png,Nova Clear Polymer escopeta
Nova Dark Sigil.png,Nova Dark Sigil escopeta
Nova Exo.png,Nova Exo escopeta
Nova Forest Leaves.png,Nova Forest Leaves escopeta
Nova Ghost Camo.png,Nova Ghost Camo escopeta
Nova Gila.png,Nova Gila escopeta
Nova Graphite.png,Nova Graphite escopeta
Nova Green Apple.png,Nova Green Apple escopeta
Nova Hyper Beast.png,Nova Hyper Beast escopeta monstro colorida psicodélica
Nova Interlock.png,Nova Interlock escopeta
Nova Koi.png,Nova Koi escopeta
Nova Mandrel.png,Nova Mandrel escopeta
Nova Modern Hunter.png,Nova Modern Hunter escopeta
Nova Moon in Libra.png,Nova Moon in Libra escopeta
Nova Plume.png,Nova Plume escopeta
Nova Polar Mesh.png,Nova Polar Mesh escopeta
Nova Predator.png,Nova Predator escopeta
Nova Quartzo Vermelho.png,Nova Quartzo Vermelho escopeta
Nova Quick Sand.png,Nova Quick Sand escopeta
Nova Ranger.png,Nova Ranger escopeta
Nova Rising Skull.png,Nova Rising Skull escopeta
Nova Rust Coat.png,Nova Rust Coat escopeta
Nova Sand Dune.png,Nova Sand Dune escopeta
Nova Sobek's Bite.png,Nova Sobek's Bite escopeta
Nova Tempest.png,Nova Tempest escopeta
Nova Toy Soldier.png,Nova Toy Soldier escopeta
Nova Walnut.png,Nova Walnut escopeta
Nova Wild Six.png,Nova Wild Six escopeta
Nova Windblown.png,Nova Windblown escopeta
Nova Wood Fired.png,Nova Wood Fired escopeta
P2000  Silver.png,P2000  Silver pistola
P2000 Acid Etched.png,P2000 Acid Etched pistola
P2000 Amber Fade.png,P2000 Amber Fade pistola degradê colorido brilhante
P2000 Chainmail.png,P2000 Chainmail pistola
P2000 Coach Class.png,P2000 Coach Class pistola
P2000 Corticera.png,P2000 Corticera pistola
P2000 Dispatch.png,P2000 Dispatch pistola
P2000 Fire Elemental.png,P2000 Fire Elemental pistola
P2000 Gnarled.png,P2000 Gnarled pistola
P2000 Granite Marbleized.png,P2000 Granite Marbleized pistola
P2000 Grassland Leaves.png,P2000 Grassland Leaves pistola
P2000 Grassland.png,P2000 Grassland pistola
P2000 Handgun.png,P2000 Handgun pistola
P2000 Imperial Dragon.png,P2000 Imperial Dragon pistola
P2000 Imperial.png,P2000 Imperial pistola
P2000 Ivory.png,P2000 Ivory pistola
P2000 Lifted Spirits.png,P2000 Lifted Spirits pistola
P2000 Obsidian.png,P2000 Obsidian pistola
P2000 Ocean Foam.png,P2000 Ocean Foam pistola
P2000 Oceanic.png,P2000 Oceanic pistola
P2000 Pathfinder.png,P2000 Pathfinder pistola
P2000 Pulse.png,P2000 Pulse pistola
P2000 Red FragCam.png,P2000 Red FragCam pistola
P2000 Scorpion.png,P2000 Scorpion pistola
P2000 Silver.png,P2000 Silver pistola
P2000 Space Race.png,P2000 Space Race pistola
P2000 Turf.png,P2000 Turf pistola
P2000 Urban Hazard.png,P2000 Urban Hazard pistola
P2000 Wicked Sick.png,P2000 Wicked Sick pistola
P2000 Woodsman.png,P2000 Woodsman pistola
P250 Apep's Curse.png,P250 Apep's Curse pistola
P250 Arquitetura Digital.png,P250 Arquitetura Digital pistola
P250 Bengal Tiger.png,P250 Bengal Tiger pistola
P250 Black & Tan.png,P250 Black & Tan pistola
P250 Bone Mask.png,P250 Bone Mask pistola
P250 Boreal Forest.png,P250 Boreal Forest pistola
P250 Bullfrog.png,P250 Bullfrog pistola
P250 Cartel.png,P250 Cartel pistola
P250 Cassette.png,P250 Cassette pistola
P250 Contaminante.png,P250 Contaminante pistola
P250 Contamination.png,P250 Contamination pistola
P250 Crimson Kimono.png,P250 Crimson Kimono pistola
P250 Cyber Shell.png,P250 Cyber Shell pistola
P250 Dark Filigree.png,P250 Dark Filigree pistola
P250 Exchanger.png,P250 Exchanger pistola
P250 Facets.png,P250 Facets pistola
P250 Facility Draft.png,P250 Facility Draft pistola
P250 Forest Night.png,P250 Forest Night pistola
P250 Franklin.png,P250 Franklin pistola
P250 Gunsmoke.png,P250 Gunsmoke pistola
P250 Hive.png,P250 Hive pistola
P250 Inferno.png,P250 Inferno pistola
P250 Iron Clad.png,P250 Iron Clad pistola
P250 Mehndi.png,P250 Mehndi pistola
P250 Metallic DDPAT.png,P250 Metallic DDPAT pistola
P250 Mint Kimono.png,P250 Mint Kimono pistola
P250 Modern Hunter.png,P250 Modern Hunter pistola
P250 Muertos.png,P250 Muertos pistola
P250 Nevermore.png,P250 Nevermore pistola
P250 Nuclear Threat.png,P250 Nuclear Threat pistola
P250 Re.built.png,P250 Re.built pistola
P250 Red Rock.png,P250 Red Rock pistola
P250 Ripple.png,P250 Ripple pistola
P250 Sand Dune.png,P250 Sand Dune pistola
P250 See Ya Later.png,P250 See Ya Later pistola
P250 Splash.png,P250 Splash pistola
P250 Steel Disruption.png,P250 Steel Disruption pistola
P250 Supernova.png,P250 Supernova pistola
P250 Undertow.png,P250 Undertow pistola
P250 Valence.png,P250 Valence pistola
P250 Verdigris.png,P250 Verdigris pistola
P250 Vino Primo.png,P250 Vino Primo pistola
P250 Visions.png,P250 Visions pistola
P250 Whiteout.png,P250 Whiteout pistola
P250 Wingshot.png,P250 Wingshot pistola
P250 X-Ray.png,P250 X-Ray pistola
P90 Ancient Earth.png,P90 Ancient Earth submetralhadora
P90 Ash Wood.png,P90 Ash Wood submetralhadora
P90 Asiimov.png,P90 Asiimov submetralhadora branca laranja futurista
P90 Astral Jörmungandr.png,P90 Astral Jörmungandr submetralhadora
P90 Baroque Red.png,P90 Baroque Red submetralhadora
P90 Blind Spot.png,P90 Blind Spot submetralhadora
P90 Chopper.png,P90 Chopper submetralhadora
P90 Cocoa Rampage.png,P90 Cocoa Rampage submetralhadora
P90 Cold Blooded.png,P90 Cold Blooded submetralhadora
P90 Crescimento Verdejante.png,P90 Crescimento Verdejante submetralhadora
P90 Death Gri.png,P90 Death Gri submetralhadora
P90 Desert DDPAT.png,P90 Desert DDPAT submetralhadora
P90 Desert Warfare.png,P90 Desert Warfare submetralhadora
P90 Elite Build.png,P90 Elite Build submetralhadora
P90 Emerald Dragon.png,P90 Emerald Dragon submetralhadora
P90 Facility Negative.png,P90 Facility Negative submetralhadora
P90 Fallout Warning.png,P90 Fallout Warning submetralhadora
P90 Freight.png,P90 Freight submetralhadora
P90 Glacier Mesh.png,P90 Glacier Mesh submetralhadora
P90 Grim.png,P90 Grim submetralhadora
P90 Leather.png,P90 Leather submetralhadora
P90 Module.png,P90 Module submetralhadora
P90 Neoqueen.png,P90 Neoqueen submetralhadora
P90 Nostalgia.png,P90 Nostalgia submetralhadora
P90 Off World.png,P90 Off World submetralhadora
P90 Run and Hide.png,P90 Run and Hide submetralhadora
P90 Rush Duto.png,P90 Rush Duto submetralhadora
P90 Sand Spray.png,P90 Sand Spray submetralhadora
P90 ScaraB Rush.png,P90 ScaraB Rush submetralhadora
P90 Schematic.png,P90 Schematic submetralhadora
P90 Scorched.png,P90 Scorched submetralhadora
P90 Shallow Grave.png,P90 Shallow Grave submetralhadora
P90 Shapewood.png,P90 Shapewood submetralhadora
P90 Storm.png,P90 Storm submetralhadora
P90 Sunset Lily.png,P90 Sunset Lily submetralhadora
P90 Teardown.png,P90 Teardown submetralhadora
P90 Tiger Pit.png,P90 Tiger Pit submetralhadora
P90 Traction.png,P90 Traction submetralhadora
P90 Virus.png,P90 Virus submetralhadora
PP-Bizon Anolis.png,PP-Bizon Anolis submetralhadora
PP-Bizon Antique.png,PP-Bizon Antique submetralhadora
PP-Bizon Bamboo Print.png,PP-Bizon Bamboo Print submetralhadora
PP-Bizon Blue Streak.png,PP-Bizon Blue Streak submetralhadora
PP-Bizon Brass.png,PP-Bizon Brass submetralhadora
PP-Bizon Breaker Box.png,PP-Bizon Breaker Box submetralhadora
PP-Bizon Candy Apple.png,PP-Bizon Candy Apple submetralhadora
PP-Bizon Carbon Fiber.png,PP-Bizon Carbon Fiber submetralhadora
PP-Bizon Chemical Green.png,PP-Bizon Chemical Green submetralhadora
PP-Bizon Cobalt Halftone.png,PP-Bizon Cobalt Halftone submetralhadora
PP-Bizon Death Rattle.png,PP-Bizon Death Rattle submetralhadora
PP-Bizon Embargo.png,PP-Bizon Embargo submetralhadora
PP-Bizon Facility Sketch.png,PP-Bizon Facility Sketch submetralhadora
PP-Bizon Forest Leaves.png,PP-Bizon Forest Leaves submetralhadora
PP-Bizon Fuel Rod.png,PP-Bizon Fuel Rod submetralhadora
PP-Bizon Harvester.png,PP-Bizon Harvester submetralhadora
PP-Bizon High Roller.png,PP-Bizon High Roller submetralhadora
PP-Bizon Irradiated Alert.png,PP-Bizon Irradiated Alert submetralhadora
PP-Bizon Judgement of Anubis.png,PP-Bizon Judgement of Anubis submetralhadora
PP-Bizon Jungle Slipstream.png,PP-Bizon Jungle Slipstream submetralhadora
PP-Bizon Lumen.png,PP-Bizon Lumen submetralhadora
PP-Bizon Modern Hunter.png,PP-Bizon Modern Hunter submetralhadora
PP-Bizon Night Ops.png,PP-Bizon Night Ops submetralhadora
PP-Bizon Night Riot.png,PP-Bizon Night Riot submetralhadora
PP-Bizon Osiris.png,PP-Bizon Osiris submetralhadora
PP-Bizon Runic.png,PP-Bizon Runic submetralhadora
PP-Bizon Rust Coat.png,PP-Bizon Rust Coat submetralhadora
PP-Bizon Sand Dashed.png,PP-Bizon Sand Dashed submetralhadora
PP-Bizon Seabird.png,PP-Bizon Seabird submetralhadora
PP-Bizon Space Cat.png,PP-Bizon Space Cat submetralhadora
PP-Bizon Urban Dashed.png,PP-Bizon Urban Dashed submetralhadora
PP-Bizon Water Sigil.png,PP-Bizon Water Sigil submetralhadora
PP-Bizon Zona Fótica.png,PP-Bizon Zona Fótica submetralhadora
Paracord Knife Blue Steel.png,Paracord Knife Blue Steel faca paracord
Paracord Knife Boreal Forest.png,Paracord Knife Boreal Forest faca paracord
Paracord Knife Case Hardened.png,Paracord Knife Case Hardened faca paracord metálica azul dourada
Paracord Knife Crimson Web.png,Paracord Knife Crimson Web faca paracord vermelha teia de aranha
Paracord Knife Fade.png,Paracord Knife Fade faca paracord degradê colorido brilhante
Paracord Knife Forest DDPAT.png,Paracord Knife Forest DDPAT faca paracord
Paracord Knife Night.png,Paracord Knife Night faca paracord
Paracord Knife Safari Mesh.png,Paracord Knife Safari Mesh faca paracord
Paracord Knife Scorched.png,Paracord Knife Scorched faca paracord
Paracord Knife Slaughter.png,Paracord Knife Slaughter faca paracord
Paracord Knife Stained.png,Paracord Knife Stained faca paracord
Paracord Knife Urban Masked.png,Paracord Knife Urban Masked faca paracord
Paracord Knife Vanilla.png,Paracord Knife Vanilla faca paracord
R8 Revolver  Bone Mask.png,R8 Revolver  Bone Mask revólver
R8 Revolver Banana Cannon.png,R8 Revolver Banana Cannon revólver
R8 Revolver Blaze.png,R8 Revolver Blaze revólver
R8 Revolver Bone Forged.png,R8 Revolver Bone Forged revólver
R8 Revolver Bone Mask.png,R8 Revolver Bone Mask revólver
R8 Revolver Canal Spray.png,R8 Revolver Canal Spray revólver
R8 Revolver Crazy 8.png,R8 Revolver Crazy 8 revólver
R8 Revolver Desert Brush.png,R8 Revolver Desert Brush revólver
R8 Revolver Fade.png,R8 Revolver Fade revólver degradê colorido brilhante
R8 Revolver Grip.png,R8 Revolver Grip revólver
R8 Revolver Inlay.png,R8 Revolver Inlay revólver
R8 Revolver Junk Yard.png,R8 Revolver Junk Yard revólver
R8 Revolver Llama Cannon.png,R8 Revolver Llama Cannon revólver
R8 Revolver Memento.png,R8 Revolver Memento revólver
R8 Revolver Night.png,R8 Revolver Night revólver
R8 Revolver Nitro.png,R8 Revolver Nitro revólver
R8 Revolver Phoenix Marker.png,R8 Revolver Phoenix Marker revólver
R8 Revolver Reboot.png,R8 Revolver Reboot revólver
R8 Revolver Skull Crusher.png,R8 Revolver Skull Crusher revólver
R8 Revolver Survivalist.png,R8 Revolver Survivalist revólver
Revólver R8 Teia Rubra.png,Revólver R8 Teia Rubra
SCAR-20 Army Sheen.png,SCAR-20 Army Sheen sniper automática
SCAR-20 Assault skin.png,SCAR-20 Assault skin sniper automática
SCAR-20 Bloodsport.png,SCAR-20 Bloodsport sniper automática vermelha esportiva futurista
SCAR-20 Blueprint.png,SCAR-20 Blueprint sniper automática
SCAR-20 Brass.png,SCAR-20 Brass sniper automática
SCAR-20 Carbon Fiber.png,SCAR-20 Carbon Fiber sniper automática
SCAR-20 Cardiac.png,SCAR-20 Cardiac sniper automática
SCAR-20 Contractor.png,SCAR-20 Contractor sniper automática
SCAR-20 Crimson Web.png,SCAR-20 Crimson Web sniper automática vermelha teia de aranha
SCAR-20 Cyrex.png,SCAR-20 Cyrex sniper automática preta vermelha futurista
SCAR-20 Emerald.png,SCAR-20 Emerald sniper automática
SCAR-20 Enforcer.png,SCAR-20 Enforcer sniper automática
SCAR-20 Fragments.png,SCAR-20 Fragments sniper automática
SCAR-20 Green Marine.png,SCAR-20 Green Marine sniper automática
SCAR-20 Grotto.png,SCAR-20 Grotto sniper automática
SCAR-20 Jungle Slipstream.png,SCAR-20 Jungle Slipstream sniper automática
SCAR-20 Magna Carta.png,SCAR-20 Magna Carta sniper automática
SCAR-20 Outbreak.png,SCAR-20 Outbreak sniper automática
SCAR-20 Palm.png,SCAR-20 Palm sniper automática
SCAR-20 Poultrygeist.png,SCAR-20 Poultrygeist sniper automática
SCAR-20 Powercore.png,SCAR-20 Powercore sniper automática
SCAR-20 Sand Mesh.png,SCAR-20 Sand Mesh sniper automática
SCAR-20 Splash Jam.png,SCAR-20 Splash Jam sniper automática
SCAR-20 Stone Mosaico.png,SCAR-20 Stone Mosaico sniper automática
SCAR-20 Storm.png,SCAR-20 Storm sniper automática
SCAR-20 Torn.png,SCAR-20 Torn sniper automática
SG 553  Integrale.png,SG 553  Integrale rifle de assalto
SG 553 Aerial.png,SG 553 Aerial rifle de assalto
SG 553 Aloha.png,SG 553 Aloha rifle de assalto
SG 553 Anodized Navy.png,SG 553 Anodized Navy rifle de assalto
SG 553 Army Sheen.png,SG 553 Army Sheen rifle de assalto
SG 553 Atlas.png,SG 553 Atlas rifle de assalto
SG 553 Barricade.png,SG 553 Barricade rifle de assalto
SG 553 Bleached.png,SG 553 Bleached rifle de assalto
SG 553 Bulldozer.png,SG 553 Bulldozer rifle de assalto
SG 553 Candy Apple.png,SG 553 Candy Apple rifle de assalto
SG 553 Colony IV.png,SG 553 Colony IV rifle de assalto
SG 553 Cyberforce.png,SG 553 Cyberforce rifle de assalto
SG 553 Cyrex.png,SG 553 Cyrex rifle de assalto preta vermelha futurista
SG 553 Damascus Steel.png,SG 553 Damascus Steel rifle de assalto
SG 553 Darkwing.png,SG 553 Darkwing rifle de assalto
SG 553 Desert Blossom.png,SG 553 Desert Blossom rifle de assalto
SG 553 Dragon Tech.png,SG 553 Dragon Tech rifle de assalto
SG 553 Fallout Warning.png,SG 553 Fallout Warning rifle de assalto
SG 553 Fantasma.png,SG 553 Fantasma rifle de assalto
SG 553 Gator Mesh.png,SG 553 Gator Mesh rifle de assalto
SG 553 Hazard Pay.png,SG 553 Hazard Pay rifle de assalto
SG 553 Heavy Metal.png,SG 553 Heavy Metal rifle de assalto
SG 553 Hypnotic.png,SG 553 Hypnotic rifle de assalto
SG 553 Integrale.png,SG 553 Integrale rifle de assalto
SG 553 Lush Ruins.png,SG 553 Lush Ruins rifle de assalto
SG 553 Ol' Rusty.png,SG 553 Ol' Rusty rifle de assalto
SG 553 Tiger Moth.png,SG 553 Tiger Moth rifle de assalto
SG 553 Tornado.png,SG 553 Tornado rifle de assalto
SG 553 Traveler.png,SG 553 Traveler rifle de assalto
SG 553 Triarca.png,SG 553 Triarca rifle de assalto
SG 553 Ultraviolet.png,SG 553 Ultraviolet rifle de assalto
SG 553 Wave Spray.png,SG 553 Wave Spray rifle de assalto
SG 553 Waves Perforated.png,SG 553 Waves Perforated rifle de assalto
SSG 08 Abyss.png,SSG 08 Abyss sniper leve
SSG 08 Acid Fade.png,SSG 08 Acid Fade sniper leve degradê colorido brilhante
SSG 08 Azure Glyph.png,SSG 08 Azure Glyph sniper leve
SSG 08 Big Iron.png,SSG 08 Big Iron sniper leve
SSG 08 Blood in the Water.png,SSG 08 Blood in the Water sniper leve
SSG 08 Bloodshot.png,SSG 08 Bloodshot sniper leve
SSG 08 Blue Spruce.png,SSG 08 Blue Spruce sniper leve
SSG 08 Dark Water.png,SSG 08 Dark Water sniper leve
SSG 08 Death Strike.png,SSG 08 Death Strike sniper leve
SSG 08 Death's Head.png,SSG 08 Death's Head sniper leve
SSG 08 Detour.png,SSG 08 Detour sniper leve
SSG 08 Dezastre.png,SSG 08 Dezastre sniper leve
SSG 08 Dragonfire.png,SSG 08 Dragonfire sniper leve dragão vermelho laranja
SSG 08 Fever Dream.png,SSG 08 Fever Dream sniper leve
SSG 08 Ghost Crusader.png,SSG 08 Ghost Crusader sniper leve
SSG 08 Grey Smoke.png,SSG 08 Grey Smoke sniper leve
SSG 08 Jungle Dashed.png,SSG 08 Jungle Dashed sniper leve
SSG 08 Lichen Dashed.png,SSG 08 Lichen Dashed sniper leve
SSG 08 Mainframe 001.png,SSG 08 Mainframe 001 sniper leve
SSG 08 Mayan Dreams.png,SSG 08 Mayan Dreams sniper leve
SSG 08 Necropos.png,SSG 08 Necropos sniper leve
SSG 08 Orange Filigree.png,SSG 08 Orange Filigree sniper leve
SSG 08 Parallax.png,SSG 08 Parallax sniper leve
SSG 08 Prey.png,SSG 08 Prey sniper leve
SSG 08 Red Stone.png,SSG 08 Red Stone sniper leve
SSG 08 Sand Dune.png,SSG 08 Sand Dune sniper leve
SSG 08 Sea Calico.png,SSG 08 Sea Calico sniper leve
SSG 08 Spring Twilly.png,SSG 08 Spring Twilly sniper leve
SSG 08 Threat Detected.png,SSG 08 Threat Detected sniper leve
SSG 08 Tropical Storm.png,SSG 08 Tropical Storm sniper leve
SSG 08 Turbo Peek.png,SSG 08 Turbo Peek sniper leve
Sawed-Off Amber Fade.png,Sawed-Off Amber Fade escopeta degradê colorido brilhante
Sawed-Off Analog Input.png,Sawed-Off Analog Input escopeta
Sawed-Off Apocalypto.png,Sawed-Off Apocalypto escopeta
Sawed-Off Bamboo Shadow.png,Sawed-Off Bamboo Shadow escopeta
Sawed-Off Black Sand.png,Sawed-Off Black Sand escopeta
Sawed-Off Brake Light.png,Sawed-Off Brake Light escopeta
Sawed-Off Clay Ambush.png,Sawed-Off Clay Ambush escopeta
Sawed-Off Copper.png,Sawed-Off Copper escopeta
Sawed-Off Devourer.png,Sawed-Off Devourer escopeta
Sawed-Off First Class.png,Sawed-Off First Class escopeta
Sawed-Off Forest DDPAT.png,Sawed-Off Forest DDPAT escopeta
Sawed-Off Full Stop.png,Sawed-Off Full Stop escopeta
Sawed-Off Highwayman.png,Sawed-Off Highwayman escopeta
Sawed-Off Irradiated Alert.png,Sawed-Off Irradiated Alert escopeta
Sawed-Off Jungle Thicket.png,Sawed-Off Jungle Thicket escopeta
Sawed-Off Kiss♥Love.png,Sawed-Off Kiss♥Love escopeta
Sawed-Off Limelight.png,Sawed-Off Limelight escopeta
Sawed-Off Morris.png,Sawed-Off Morris escopeta
Sawed-Off Mosaico.png,Sawed-Off Mosaico escopeta
Sawed-Off Orange DDPAT.png,Sawed-Off Orange DDPAT escopeta
Sawed-Off Origami.png,Sawed-Off Origami escopeta
Sawed-Off Parched.png,Sawed-Off Parched escopeta
Sawed-Off Rust Coat.png,Sawed-Off Rust Coat escopeta
Sawed-Off Sage Spray.png,Sawed-Off Sage Spray escopeta
Sawed-Off Serenity.png,Sawed-Off Serenity escopeta
Sawed-Off Snake Camo.png,Sawed-Off Snake Camo escopeta
Sawed-Off Spirit Board.png,Sawed-Off Spirit Board escopeta
Sawed-Off The Kraken.png,Sawed-Off The Kraken escopeta
Sawed-Off Wasteland Princess.png,Sawed-Off Wasteland Princess escopeta
Sawed-Off Yorick.png,Sawed-Off Yorick escopeta
Sawed-Off Zander.png,Sawed-Off Zander escopeta
Shadow Daggers Autotronic.png,Shadow Daggers Autotronic adagas
Shadow Daggers Black Laminate.png,Shadow Daggers Black Laminate adagas
Shadow Daggers Blue Steel.png,Shadow Daggers Blue Steel adagas
Shadow Daggers Boreal Forest.png,Shadow Daggers Boreal Forest adagas
Shadow Daggers Bright Water.png,Shadow Daggers Bright Water adagas
Shadow Daggers Case Hardened.png,Shadow Daggers Case Hardened adagas metálica azul dourada
Shadow Daggers Crimson web.png,Shadow Daggers Crimson web adagas vermelha teia de aranha
Shadow Daggers Damascus Steel.png,Shadow Daggers Damascus Steel adagas
Shadow Daggers Fade.png,Shadow Daggers Fade adagas degradê colorido brilhante
Shadow Daggers Forest DDPAT.png,Shadow Daggers Forest DDPAT adagas
Shadow Daggers Freehand.png,Shadow Daggers Freehand adagas
Shadow Daggers Lore.png,Shadow Daggers Lore adagas
Shadow Daggers Marble Fade.png,Shadow Daggers Marble Fade adagas degradê colorido brilhante degradê mármore colorido
Shadow Daggers Night.png,Shadow Daggers Night adagas
Shadow Daggers Safari Mesh.png,Shadow Daggers Safari Mesh adagas
Shadow Daggers Scorched.png,Shadow Daggers Scorched adagas
Shadow Daggers Slaughter.png,Shadow Daggers Slaughter adagas
Shadow Daggers Stained.png,Shadow Daggers Stained adagas
Shadow Daggers Tiger Tooth.png,Shadow Daggers Tiger Tooth adagas dourada listras de tigre
Shadow Daggers Ultraviolet.png,Shadow Daggers Ultraviolet adagas
Shadow Daggers Urban masked.png,Shadow Daggers Urban masked adagas
Shadow Daggers Vanilla.png,Shadow Daggers Vanilla adagas
Skeleton Knife Blue Steel.png,Skeleton Knife Blue Steel faca skeleton
Skeleton Knife Boreal Forest.png,Skeleton Knife Boreal Forest faca skeleton
Skeleton Knife Case Hardened.png,Skeleton Knife Case Hardened faca skeleton metálica azul dourada
Skeleton Knife Fade.png,Skeleton Knife Fade faca skeleton degradê colorido brilhante
Skeleton Knife Forest DDPAT.png,Skeleton Knife Forest DDPAT faca skeleton
Skeleton Knife Night.png,Skeleton Knife Night faca skeleton
Skeleton Knife Safari Mesh.png,Skeleton Knife Safari Mesh faca skeleton
Skeleton Knife Scorched.png,Skeleton Knife Scorched faca skeleton
Skeleton Knife Slaughter.png,Skeleton Knife Slaughter faca skeleton
Skeleton Knife Stained.png,Skeleton Knife Stained faca skeleton
Skeleton Knife Urban Masked.png,Skeleton Knife Urban Masked faca skeleton
Skeleton Knife Vanilla.png,Skeleton Knife Vanilla faca skeleton
Stiletto Knife Blue Steel.png,Stiletto Knife Blue Steel faca stiletto
Stiletto Knife Boreal Forest.png,Stiletto Knife Boreal Forest faca stiletto
Stiletto Knife Case Hardened.png,Stiletto Knife Case Hardened faca stiletto metálica azul dourada
Stiletto Knife Crimson Web.png,Stiletto Knife Crimson Web faca stiletto vermelha teia de aranha
Stiletto Knife Fade.png,Stiletto Knife Fade faca stiletto degradê colorido brilhante
Stiletto Knife Forest DDPAT.png,Stiletto Knife Forest DDPAT faca stiletto
Stiletto Knife Marble Fade.png,Stiletto Knife Marble Fade faca stiletto degradê colorido brilhante degradê mármore colorido
Stiletto Knife Night Stripe.png,Stiletto Knife Night Stripe faca stiletto
Stiletto Knife Safari Mesh.png,Stiletto Knife Safari Mesh faca stiletto
Stiletto Knife Scorched.png,Stiletto Knife Scorched faca stiletto
Stiletto Knife Slaughter.png,Stiletto Knife Slaughter faca stiletto
Stiletto Knife Stained.png,Stiletto Knife Stained faca stiletto
Stiletto Knife Tiger Tooth.png,Stiletto Knife Tiger Tooth faca stiletto dourada listras de tigre
Stiletto Knife Ultraviolet.png,Stiletto Knife Ultraviolet faca stiletto
Stiletto Knife Urban Masked.png,Stiletto Knife Urban Masked faca stiletto
Stiletto Knife Vanilla.png,Stiletto Knife Vanilla faca stiletto
Stiletto KnifeDamascus Steel.png,Stiletto KnifeDamascus Steel faca stiletto
Survival Knife Blue Steel.png,Survival Knife Blue Steel
Survival Knife Boreal Forest.png,Survival Knife Boreal Forest
Survival Knife Case Hardened.png,Survival Knife Case Hardened metálica azul dourada
Survival Knife Crimson Web.png,Survival Knife Crimson Web vermelha teia de aranha
Survival Knife Fade.png,Survival Knife Fade degradê colorido brilhante
Survival Knife Forest DDPAT.png,Survival Knife Forest DDPAT
Survival Knife Night Stripe.png,Survival Knife Night Stripe
Survival Knife Safari Mesh.png,Survival Knife Safari Mesh
Survival Knife Scorched.png,Survival Knife Scorched
Survival Knife Slaughter.png,Survival Knife Slaughter
Survival Knife Stained.png,Survival Knife Stained
Survival Knife Urban Masked.png,Survival Knife Urban Masked
Survival Knife Vanilla.png,Survival Knife Vanilla
Talon Knife  Blue Steel.png,Talon Knife  Blue Steel faca talon
Talon Knife Blue Steel.png,Talon Knife Blue Steel faca talon
Talon Knife Boreal Forest.png,Talon Knife Boreal Forest faca talon
Talon Knife Case Hardened.png,Talon Knife Case Hardened faca talon metálica azul dourada
Talon Knife Crimson Web.png,Talon Knife Crimson Web faca talon vermelha teia de aranha
Talon Knife Damascus.png,Talon Knife Damascus faca talon
Talon Knife Fade.png,Talon Knife Fade faca talon degradê colorido brilhante
Talon Knife Forest DDPAT.png,Talon Knife Forest DDPAT faca talon
Talon Knife Marble Fade.png,Talon Knife Marble Fade faca talon degradê colorido brilhante degradê mármore colorido
Talon Knife Safari Mesh.png,Talon Knife Safari Mesh faca talon
Talon Knife Scorched.png,Talon Knife Scorched faca talon
Talon Knife Slaughter.png,Talon Knife Slaughter faca talon
Talon Knife Stained.png,Talon Knife Stained faca talon
Talon Knife Tiger Tooth.png,Talon Knife Tiger Tooth faca talon dourada listras de tigre
Talon Knife Ultraviolet.png,Talon Knife Ultraviolet faca talon
Talon Knife Urban Masked.png,Talon Knife Urban Masked faca talon
Talon Knife Vanilla.png,Talon Knife Vanilla faca talon
Tec-9 Army Mesh.png,Tec-9 Army Mesh
Tec-9 Avalanche.png,Tec-9 Avalanche
Tec-9 Bamboo Forest.png,Tec-9 Bamboo Forest
Tec-9 Bamboozle.png,Tec-9 Bamboozle
Tec-9 Blast From the Past.png,Tec-9 Blast From the Past
Tec-9 Blue Titanium.png,Tec-9 Blue Titanium
Tec-9 Brass.png,Tec-9 Brass
Tec-9 Brother.png,Tec-9 Brother
Tec-9 Cracked Opal.png,Tec-9 Cracked Opal
Tec-9 Cut Out.png,Tec-9 Cut Out
Tec-9 Dizimadora.png,Tec-9 Dizimadora
Tec-9 Flash Out.png,Tec-9 Flash Out
Tec-9 Fuel Injector.png,Tec-9 Fuel Injector
Tec-9 Groundwater.png,Tec-9 Groundwater
Tec-9 Hades.png,Tec-9 Hades
Tec-9 Ice Cap.png,Tec-9 Ice Cap
Tec-9 Isaac.png,Tec-9 Isaac
Tec-9 Jambiya.png,Tec-9 Jambiya
Tec-9 Mummy's Rot.png,Tec-9 Mummy's Rot
Tec-9 Nuclear Threat.png,Tec-9 Nuclear Threat
Tec-9 Orange Murano.png,Tec-9 Orange Murano
Tec-9 Ossified.png,Tec-9 Ossified
Tec-9 Phoenix Chalk.png,Tec-9 Phoenix Chalk
Tec-9 Re-Entry.png,Tec-9 Re-Entry
Tec-9 Rebel.png,Tec-9 Rebel
Tec-9 Red Quartz.png,Tec-9 Red Quartz
Tec-9 Remote Control.png,Tec-9 Remote Control
Tec-9 Rust Leaf.png,Tec-9 Rust Leaf
Tec-9 Safety Net.png,Tec-9 Safety Net
Tec-9 Slag.png,Tec-9 Slag
Tec-9 Snek-9.png,Tec-9 Snek-9
Tec-9 Terrace.png,Tec-9 Terrace
Tec-9 Titanium Bit.png,Tec-9 Titanium Bit
Tec-9 Tornado.png,Tec-9 Tornado
Tec-9 Toxic.png,Tec-9 Toxic
Tec-9 Urban DDPAT.png,Tec-9 Urban DDPAT
Tec-9 VariCamo.png,Tec-9 VariCamo
UMP-45 Arctic Wolf.png,UMP-45 Arctic Wolf submetralhadora
UMP-45 Blaze.png,UMP-45 Blaze submetralhadora
UMP-45 Bone Pile.png,UMP-45 Bone Pile submetralhadora
UMP-45 Briefing.png,UMP-45 Briefing submetralhadora
UMP-45 Caramel.png,UMP-45 Caramel submetralhadora
UMP-45 Carbon Fiber.png,UMP-45 Carbon Fiber submetralhadora
UMP-45 Corporal.png,UMP-45 Corporal submetralhadora
UMP-45 Crime Scene.png,UMP-45 Crime Scene submetralhadora
UMP-45 Day Lily.png,UMP-45 Day Lily submetralhadora
UMP-45 Delusion.png,UMP-45 Delusion submetralhadora
UMP-45 Exposure.png,UMP-45 Exposure submetralhadora
UMP-45 Facility Dark.png,UMP-45 Facility Dark submetralhadora
UMP-45 Fade.png,UMP-45 Fade submetralhadora degradê colorido brilhante
UMP-45 Fallout Warning.png,UMP-45 Fallout Warning submetralhadora
UMP-45 Full stop.png,UMP-45 Full stop submetralhadora
UMP-45 Gold Bismuth.png,UMP-45 Gold Bismuth submetralhadora
UMP-45 Gunsmoke.png,UMP-45 Gunsmoke submetralhadora
UMP-45 Houndstooth.png,UMP-45 Houndstooth submetralhadora
UMP-45 Indigo.png,UMP-45 Indigo submetralhadora
UMP-45 Labyrinth.png,UMP-45 Labyrinth submetralhadora
UMP-45 Mechanism.png,UMP-45 Mechanism submetralhadora
UMP-45 Metal Flowers.png,UMP-45 Metal Flowers submetralhadora
UMP-45 Minotaur's Labyrinth.png,UMP-45 Minotaur's Labyrinth submetralhadora
UMP-45 Momentum.png,UMP-45 Momentum submetralhadora
UMP-45 Moonrise.png,UMP-45 Moonrise submetralhadora
UMP-45 Motorized.png,UMP-45 Motorized submetralhadora
UMP-45 Mudder.png,UMP-45 Mudder submetralhadora
UMP-45 Oscillator.png,UMP-45 Oscillator submetralhadora
UMP-45 Plastique.png,UMP-45 Plastique submetralhadora
UMP-45 Primal Saber.png,UMP-45 Primal Saber submetralhadora
UMP-45 Riot.png,UMP-45 Riot submetralhadora
UMP-45 Roadblock.png,UMP-45 Roadblock submetralhadora
UMP-45 Scaffold.png,UMP-45 Scaffold submetralhadora
UMP-45 Scorched.png,UMP-45 Scorched submetralhadora
UMP-45 Urban DDPAT.png,UMP-45 Urban DDPAT submetralhadora
UMP-45 Wild Child.png,UMP-45 Wild Child submetralhadora
USP-S Ancient Visions.png,USP-S Ancient Visions pistola silenciada
USP-S Black Lotus.png,USP-S Black Lotus pistola silenciada
USP-S Blood Tiger.png,USP-S Blood Tiger pistola silenciada
USP-S Blueprint.png,USP-S Blueprint pistola silenciada
USP-S Business Class.png,USP-S Business Class pistola silenciada
USP-S Caiman.png,USP-S Caiman pistola silenciada
USP-S Check Engine.png,USP-S Check Engine pistola silenciada
USP-S Cortex.png,USP-S Cortex pistola silenciada
USP-S Cyrex.png,USP-S Cyrex pistola silenciada preta vermelha futurista
USP-S Desert Tactical.png,USP-S Desert Tactical pistola silenciada
USP-S Flashback.png,USP-S Flashback pistola silenciada
USP-S Forest Leaves.png,USP-S Forest Leaves pistola silenciada
USP-S Guardian.png,USP-S Guardian pistola silenciada
USP-S Jawbreaker.png,USP-S Jawbreaker pistola silenciada
USP-S Kill Confirmed.png,USP-S Kill Confirmed pistola silenciada
USP-S Lead Conduit.png,USP-S Lead Conduit pistola silenciada
USP-S Monster Mashup.png,USP-S Monster Mashup pistola silenciada
USP-S Neo-Noir.png,USP-S Neo-Noir pistola silenciada rosa roxa anime neon
USP-S Night Ops.png,USP-S Night Ops pistola silenciada
USP-S Orange Anolis.png,USP-S Orange Anolis pistola silenciada
USP-S Orion.png,USP-S Orion pistola silenciada
USP-S Overgrowth.png,USP-S Overgrowth pistola silenciada
USP-S Para Green.png,USP-S Para Green pistola silenciada
USP-S Pathfinder.png,USP-S Pathfinder pistola silenciada
USP-S Printstream.png,USP-S Printstream pistola silenciada branca moderna futurista
USP-S Purple DDPAT.png,USP-S Purple DDPAT pistola silenciada
USP-S Road Rash.png,USP-S Road Rash pistola silenciada
USP-S Royal Blue.png,USP-S Royal Blue pistola silenciada
USP-S Serum.png,USP-S Serum pistola silenciada
USP-S Stainless.png,USP-S Stainless pistola silenciada
USP-S Target Acquired.png,USP-S Target Acquired pistola silenciada
USP-S The Traitor.png,USP-S The Traitor pistola silenciada
USP-S Ticket to Hell.png,USP-S Ticket to Hell pistola silenciada
USP-S Torque.png,USP-S Torque pistola silenciada
USP-S Whiteout.png,USP-S Whiteout pistola silenciada
Ursus Knife  Blue Steel.png,Ursus Knife  Blue Steel
Ursus Knife Blue Steel.png,Ursus Knife Blue Steel
Ursus Knife Boreal forest.png,Ursus Knife Boreal forest
Ursus Knife Case Hardened.png,Ursus Knife Case Hardened metálica azul dourada
Ursus Knife Crimson Web.png,Ursus Knife Crimson Web vermelha teia de aranha
Ursus Knife Damascus Steel.png,Ursus Knife Damascus Steel
Ursus Knife Fade.png,Ursus Knife Fade degradê colorido brilhante
Ursus Knife Forest DDPAT.png,Ursus Knife Forest DDPAT
Ursus Knife Marble Fade.png,Ursus Knife Marble Fade degradê colorido brilhante degradê mármore colorido
Ursus Knife Safari Mesh.png,Ursus Knife Safari Mesh
Ursus Knife Scorched.png,Ursus Knife Scorched
Ursus Knife Slaughter.png,Ursus Knife Slaughter
Ursus Knife Stained.png,Ursus Knife Stained
Ursus Knife Tiger Tooth.png,Ursus Knife Tiger Tooth dourada listras de tigre
Ursus Knife Ultraviolet.png,Ursus Knife Ultraviolet
Ursus Knife Urban Masked.png,Ursus Knife Urban Masked
Ursus Knife Vanilla.png,Ursus Knife Vanilla
XM1014 Ancient Lore.png,XM1014 Ancient Lore escopeta automática
XM1014 Banana Leaf.png,XM1014 Banana Leaf escopeta automática
XM1014 Black Tie.png,XM1014 Black Tie escopeta automática
XM1014 Blaze Orange.png,XM1014 Blaze Orange escopeta automática
XM1014 Blue Spruce.png,XM1014 Blue Spruce escopeta automática
XM1014 Blue Steel.png,XM1014 Blue Steel escopeta automática
XM1014 Blue Tire.png,XM1014 Blue Tire escopeta automática
XM1014 Bone Machine.png,XM1014 Bone Machine escopeta automática
XM1014 CaliCamo.png,XM1014 CaliCamo escopeta automática
XM1014 Charter.png,XM1014 Charter escopeta automática
XM1014 Elegant Vines.png,XM1014 Elegant Vines escopeta automática
XM1014 Fallout Warning.png,XM1014 Fallout Warning escopeta automática
XM1014 Faraônica.png,XM1014 Faraônica escopeta automática
XM1014 Frost Borre.png,XM1014 Frost Borre escopeta automática
XM1014 Grassland.png,XM1014 Grassland escopeta automática
XM1014 Heaven Guard.png,XM1014 Heaven Guard escopeta automática
XM1014 Hieroglyph.png,XM1014 Hieroglyph escopeta automática
XM1014 Incinegator.png,XM1014 Incinegator escopeta automática
XM1014 Irezumi.png,XM1014 Irezumi escopeta automática
XM1014 Jungle.png,XM1014 Jungle escopeta automática
XM1014 Oxide Blaze.png,XM1014 Oxide Blaze escopeta automática
XM1014 Quicksilver.png,XM1014 Quicksilver escopeta automática
XM1014 Red Leather.png,XM1014 Red Leather escopeta automática
XM1014 Scumbria.png,XM1014 Scumbria escopeta automática
XM1014 Seasons.png,XM1014 Seasons escopeta automática
XM1014 Slipstream.png,XM1014 Slipstream escopeta automática
XM1014 Teclu Burner.png,XM1014 Teclu Burner escopeta automática
XM1014 Tranquility.png,XM1014 Tranquility escopeta automática
XM1014 Urban Perforated.png,XM1014 Urban Perforated escopeta automática
XM1014 VariCamo Blue.png,XM1014 VariCamo Blue escopeta automática
XM1014 Watchdog.png,XM1014 Watchdog escopeta automática
XM1014 XOXO.png,XM1014 XOXO escopeta automática
XM1014 Ziggy.png,XM1014 Ziggy escopeta automática
XM1014 Zombie Offensive.png,XM1014 Zombie Offensive escopeta automática
Zeus x27 Olympus.png,Zeus x27 Olympus
